uni_name,state,status,uni_type,url
Kaushalya the Skill University,Gujarat,2(f),State,https://kaushalyaskilluniversity.ac.in
A.K.S. University,Madhya Pradesh,2(f),Private,https://www.aksuniversity.ac.in
A.P.G. (Alakh Prakash Goyal) Shimla University,Himachal Pradesh,2(f),Private,https://agu.edu.in
A.P.J. Abdul Kalam Technological University,Kerala,2(f),State,https://ktu.edu.in
AAFT University of Media and Arts,Chhattisgarh,2(f),Private,https://aaft.edu.in
Abhilashi University,Himachal Pradesh,2(f),Private,https://www.abhilashiuniversity.com
Abhyuday University,Madhya Pradesh,2(f),Private,https://abhyudayuniversity.com
Academy of Maritime Education and Training,Tamil Nadu,Section-III,Deemed to be Universities,https://www.ametuniv.ac.in
Acharaya N.G.Ranga Agricultural University,Andhra Pradesh,2(f),State,https://angrau.ac.in
Acharya Nagarjuna University,Andhra Pradesh,2(f) & 12(B),State,https://nagarjunauniversity.ac.in
Acharya Narendra Deva Krishi Evam Prodyogik Vishwavidyalaya,Uttar Pradesh,2(f) & 12(B),State,https://www.nduat.org
Adamas University,West Bengal,2(f),Private,https://adamasuniversity.ac.in
Adani University,Gujarat,2(f),Private,https://www.adaniuni.ac.in
Adesh University,Punjab,2(f),Private,https://adeshuniversity.ac.in
Adichunchanagiri University,Karnataka,2(f),Private,https://www.acu.edu.in
Adikavi Nannaya University,Andhra Pradesh,2(f) & 12(B),State,https://www.nannayauniversity.info
Agrawan Heritage University,Uttar Pradesh,2(f),Private,https://www.ahu.ac.in
Agriculture University,Rajasthan,2(f),State,https://www.aujodhpur.ac.in
Ahmedabad University,Gujarat,2(f) & 12(B),Private,https://www.ahduni.edu.in
AIPH University,Odisha,2(f),Private,https://aiph.ac.in
AISECT University,Jharkhand,2(f),Private,https://www.aisectuniversityjharkhand.ac.in
Ajeenkya D.Y. Patil University,Maharashtra,2(f),Private,https://adypu.edu.in
Akal University,Punjab,2(f),Private,https://www.auts.ac.in
Al-Falah University,Haryana,2(f),Private,https://alfalahuniversity.edu.in
Al-Karim University,Bihar,2(f),Private,https://www.alkarimuniversity.edu.in
Alagappa University,Tamil Nadu,2(f) & 12(B),State,https://www.alagappauniversity.ac.in
Alard University,Maharashtra,2(f),Private,https://alarduniversity.edu.in
Aliah University,West Bengal,2(f) & 12(B),State,https://www.aliah.ac.in
Aligarh Muslim University,Uttar Pradesh,2(f) & 12(B),Central,https://www.amu.ac.in
Alliance University,Karnataka,2(f),Private,https://www.alliance.edu.in
Amaltas University,Madhya Pradesh,2(f),Private,https://amaltasuniversity.in
Amity University,Karnataka,2(f),Private,https://amity.edu/Bengaluru
Amity University,Punjab,2(f),Private,https://www.amity.edu/mohali
Amity University,Bihar,2(f),Private,https://amity.edu/bihar/amity-patna.aspx
Amity University,Maharashtra,2(f),Private,https://www.amity.edu/mumbai
Amity University,Chhattisgarh,2(f),Private,https://amity.edu/raipur
Amity University,West Bengal,2(f),Private,https://amity.edu/kolkata
Amity University,Jharkhand,2(f),Private,https://www.amity.edu/ranchi
Amity University,Rajasthan,2(f),Private,https://amity.edu/jaipur
AMITY University,Uttar Pradesh,2(f),Private,https://amity.edu
AMITY University,Haryana,2(f),Private,https://www.amity.edu/gurugram
Amity University,Madhya Pradesh,2(f),Private,https://www.amity.edu
Amrapali University,Uttarakhand,2(f),Private,https://amrapali.ac.in
Amrita Vishwa Vidyapeetham,Tamil Nadu,Section-III,Deemed to be Universities,https://www.amrita.edu
Anand Agricultural University,Gujarat,2(f),State,https://www.aau.in
Anant National University,Gujarat,2(f),Private,https://www.anu.edu.in
Andhra Kesari University,Andhra Pradesh,2(f),State,https://andhrakesariuniversity.in
Andhra Pradesh Fisheries University,Andhra Pradesh,2(f),State,https://apfu.ap.gov.in
Andhra University,Andhra Pradesh,2(f) & 12(B),State,https://www.andhrauniversity.edu.in
Anjaneya University,Chhattisgarh,2(f),Private,https://anjaneyauniversity.ac.in
Anna University,Tamil Nadu,2(f) & 12(B),State,https://www.annauniv.edu
Annamalai University,Tamil Nadu,2(f) & 12(B),State,https://www.annamalaiuniversity.ac.in
Apeejay Stya University,Haryana,2(f) & 12(B),Private,https://university.apeejay.edu
Apex Professional University,Arunachal Pradesh,2(f),Private,https://www.apexuniversity.edu.in
Apex university,Rajasthan,2(f),Private,https://www.apexuniversity.co.in
Arka Jain University,Jharkhand,2(f),Private,https://www.arkajainuniversity.ac.in
Arni University,Himachal Pradesh,2(f),Private,https://www.arni.in
Arunachal University of Studies,Arunachal Pradesh,2(f),Private,https://www.arunachaluniversity.ac.in
Arunodaya University,Arunachal Pradesh,2(f),Private,https://www.arunodayauniversity.ac.in
Aryabhatta Knowledge University,Bihar,2(f),State,https://akubihar.ac.in
Aryavart University,Madhya Pradesh,2(f),Private,https://www.auindia.ac.in
ASBM University,Odisha,2(f),Private,https://www.asbm.ac.in
Ashoka University,Haryana,2(f) & 12(B),Private,https://https://www.ashoka.edu.in
Asian International University,Manipur,2(f),Private,https://aiu.edu.in
Assam Agricultural University,Assam,2(f) & 12(B),State,https://www.aau.ac.in
Assam Don Bosco University,Assam,2(f) & 12(B),Private,https://www.dbuniversity.ac.in
Assam Down Town University,Assam,2(f) & 12(B),Private,https://adtu.in
Assam Rajiv Gandhi University of Co-operative Management,Assam,2(f),State,https://www.argucom.ac.in
Assam Science & Technology University,Assam,2(f),State,https://www.astu.org.in
Assam Skill University,Assam,2(f),State,https://asu.ac.in
Assam University,Assam,2(f) & 12(B),Central,https://www.aus.ac.in
Assam Women's University,Assam,2(f),State,https://awu.ac.in
Atal Bihari Bajpayee Vishwavidyalaya (Formerly Bilaspur Vishwavidyalaya),Chhattisgarh,2(f) & 12(B),State,https://www.bilaspuruniversity.ac.in
Atal Bihari Vajpayee Hindi Vishwavidyalaya,Madhya Pradesh,2(f),State,https://www.abvhv.edu.in
Atal Bihari Vajpayee Medical University,Uttar Pradesh,2(f),State,https://abvmuup.edu.in
Atal Medical and Research University(Formerly Himachal Pradesh University of Health Sciences),Himachal Pradesh,2(f),State,https://amruhp.ac.in
ATLAS SKILLTECH UNIVERSITY,Maharashtra,2(f),Private,https://www.atlasuniversity.edu.in
Atmiya University,Gujarat,2(f),Private,https://atmiyauni.ac.in
Atria University,Karnataka,2(f),Private,https://www.atriauniversity.edu.in
Auniati University,Assam,2(f),Private,https://auniv.in
"AURO University, Surat",Gujarat,2(f),Private,https://aurouniversity.edu.in
Aurora Higher Education and Research Academy,Telangana,Section-III,Deemed to be Universities,https://www.aurora.ac.in
Avantika University,Madhya Pradesh,2(f),Private,https://www.avantikauniversity.edu.in
Avinashilingam Institute for Home Science & Higher Education for Women,Tamil Nadu,Section-III & 12(B),Deemed to be Universities,https://avinuty.ac.in
Awadesh Pratap Singh University,Madhya Pradesh,2(f) & 12(B),State,https://www.apsurewa.nic.in
Ayush and Health Sciences University of Chhattisgarh,Chhattisgarh,2(f),State,https://www.cghealthuniv.com
Azim Premji University,Karnataka,2(f),Private,https://azimpremjiuniversity.edu.in
Azim Premji University,Madhya Pradesh,2(f),Private,https://azimpremjiuniversity.edu.in/bhopal
B.L.D.E.,Karnataka,Section-III & 12(B),Deemed to be Universities,https://bldedu.ac.in
B.S. Abdur Rahman Institute of Science and Technology,Tamil Nadu,Section-III,Deemed to be Universities,https://www.bsauniv.ac.in
Baba Amte Divyang University,Rajasthan,2(f),State,https://amtedivyanguniversity.ac.in
Baba Farid University of Health Sciences,Punjab,2(f) & 12(B),State,https://www.bfuhs.ac.in
Baba Ghulam Shah Badshah University,Jammu and Kashmir,2(f) & 12(B),State,https://bgsbu.ac.in
Baba Mast Nath University,Haryana,2(f),Private,https://bmu.ac.in
Babasaheb Bhimrao Ambedkar Bihar University,Bihar,2(f) & 12(B),State,https://www.brabu.net
Babasaheb Bhimrao Ambedkar University,Uttar Pradesh,2(f) & 12(B),Central,https://www.bbau.ac.in
Babu Banarasi Das University,Uttar Pradesh,2(f),Private,https://bbdu.ac.in
Babu Dinesh Singh University,Jharkhand,2(f),Private,https://bdsu.ac.in
Baddi University of Emerging Sciences & Technology,Himachal Pradesh,2(f),Private,https://baddiuniv.ac.in
Bagalkot University,Karnataka,2(f),State,https://www.bgku.ac.in
Bahra University,Himachal Pradesh,2(f),Private,https://www.bahrauniversity.edu.in
Banaras Hindu University,Uttar Pradesh,2(f) & 12(B),Central,https://www.bhu.ac.in
Banasthai Vidyapith,Rajasthan,Section-III & 12(B),Deemed to be Universities,https://www.banasthali.org
Banda University of Agriculture & Technology,Uttar Pradesh,2(f),State,https://buat.edu.in
Bangalore University,Karnataka,2(f) & 12(B),State,https://eng.bangaloreuniversity.ac.in
Bankura University,West Bengal,2(f) & 12(B),State,https://bankurauniv.ac.in
Bareilly International University,Uttar Pradesh,2(f),Private,https://www.biu.edu.in
Barkatullaah University,Madhya Pradesh,2(f) & 12(B),State,https://www.bubhopal.nic.in
Bengaluru City University,Karnataka,2(f),State,https://bcu.ac.in
Bengaluru Dr. B. R. Ambedkar School of Economics University,Karnataka,2(f),State,https://base.ac.in
Bengaluru North University,Karnataka,2(f),State,https://eng.bnu.ac.in
Bennett University,Uttar Pradesh,2(f),Private,https://www.bennett.edu.in
Berhampur University,Odisha,2(f) & 12(B),State,https://www.buodisha.edu.in
Bhagat Phool Singh Mahila Vishwavidyalaya,Haryana,2(f) & 12(B),State,https://bpsmv.digitaluniversity.ac
Bhagwan Mahavir University,Gujarat,2(f),Private,https://www.bmusurat.ac.in
Bhagwant University,Rajasthan,2(f),Private,https://www.bhagwantuniversity.com
Bhaikaka University,Gujarat,2(f),Private,https://www.bhaikakauniv.edu.in
Bhakta Kavi Narsinh Mehta University,Gujarat,2(f) & 12(B),State,https://www.bknmu.edu.in
Bharath Institute of Higher Education & Research,Tamil Nadu,Section-III,Deemed to be Universities,https://www.bharathuniv.ac.in
Bharathiar University,Tamil Nadu,2(f) & 12(B),State,https://www.b-u.ac.in
Bharathidasan University,Tamil Nadu,2(f) & 12(B),State,https://www.bdu.ac.in
Bharati Vidyapeeth,Maharashtra,Section-III & 12(B),Deemed to be Universities,https://bvuniversity.edu.in
Bharatiya Engineering Science and Technology Innovation University,Andhra Pradesh,2(f),Private,https://bestiu.edu.in
Bharti Vishwavidyalay,Chhattisgarh,2(f),Private,https://bhartiuniversity.org
Bhartiya Skill Development University,Rajasthan,2(f),Private,https://ruj-bsdu.in
Bhatkhande Sanskriti Vishwavidyalaya,Uttar Pradesh,2(f),State,https://bhatkhandemusic.edu.in
Bhattadev University,Assam,2(f),State,https://www.bhattadevuniversity.ac.in
Bhupal Nobles University,Rajasthan,2(f),Private,https://www.bnuniversity.ac.in
Bhupendra Narayan Mandal University,Bihar,2(f) & 12(B),State,https://bnmu.bih.nic.in
Bidhan Chandra Krishi Vishwavidyalaya,West Bengal,2(f) & 12(B),State,https://www.bckv.edu.in
Bihar Agricultural University,Bihar,2(f),State,https://bausabour.ac.in
Bihar Animal Sciences University,Bihar,2(f),State,https://www.basu.org.in
Bihar Engineering University,Bihar,2(f),State,https://beu-bih.ac.in/BEUP/Default.aspx
Bihar Sports University,Bihar,2(f),State,https://biharsports.org
Bihar University of Health Sciences,Bihar,2(f),State,https://buhs.ac.in
Biju Patnaik University of Technology,Odisha,2(f),State,https://www.bput.ac.in
Bikaner Technical University,Rajasthan,2(f),State,https://btu.ac.in
Binod Bihari Mahto Koyalanchal University,Jharkhand,2(f),State,https://bbmku.ac.in
Bir Tikendrajit University,Manipur,2(f),Private,https://www.birtikendrajituniversity.ac.in
Birangana Sati Sadhani Rajyik Vishwavidyalaya,Assam,2(f),State,https://bssrv.ac.in
Birla Global University,Odisha,2(f),Private,https://www.bgu.ac.in
Birla Institute of Technology,Jharkhand,Section-III,Deemed to be Universities,https://www.bitmesra.ac.in
Birla Institute of Technology & Science,Rajasthan,Section-III,Deemed to be Universities,https://www.bits-pilani.ac.in
Birsa Agricultural University,Jharkhand,2(f) & 12(B),State,https://www.baujharkhand.org
Birsa Munda Tribal University,Gujarat,2(f),State,https://comm-tribal.gujarat.gov.in
Biswa Bangla Biswabidyalay,West Bengal,2(f),State,https://www.biswabanglabiswabidyalay.org
BML Munjal University,Haryana,2(f),Private,https://www.bmu.edu.in
Bodoland University,Assam,2(f) & 12(B),State,https://buniv.edu.in
Brainware University,West Bengal,2(f),Private,https://brainwareuniversity.ac.in
Bundelkhand University,Uttar Pradesh,2(f) & 12(B),State,https://www.bujhansi.ac.in
Burdwan University,West Bengal,2(f) & 12(B),State,https://www.buruniv.ac.in
C. U. Shah University,Gujarat,2(f),Private,https://www.cushahuniversity.ac.in
C. V. Raman Global University,Odisha,2(f),Private,https://cgu-odisha.ac.in
Calcutta University,West Bengal,2(f) & 12(B),State,https://www.caluniv.ac.in
Calicut University,Kerala,2(f) & 12(B),State,https://www.uoc.ac.in
Captain Williamson Sangma State University,Meghalaya,2(f),State,https://Null
Career Point University,Rajasthan,2(f),Private,https://www.cpur.in
Career Point University,Himachal Pradesh,2(f),Private,https://www.cpuh.in
Central Agricultural University,Manipur,2(f) & 12(B),Central,https://cau.ac.in
Central Institute of Buddhist Studies(CIBS),Ladakh,Section-III,Deemed to be Universities,https://cibs.ac.in
Central Institute of Fisheries Education,Maharashtra,Section-III,Deemed to be Universities,https://www.cife.edu.in
Central Institute of Higher Tibetan Studies,Uttar Pradesh,Section-III,Deemed to be Universities,https://www.cihts.ac.in
Central Institute of Technology(CIT),Assam,Section-III,Deemed to be Universities,https://www.cit.ac.in
Central Sanskrit University,Delhi,2(f) & 12(B),Central,https://www.sanskrit.nic.in
Central University of Gujarat,Gujarat,2(f) & 12(B),Central,https://www.cug.ac.in
Central University of Haryana,Haryana,2(f) & 12(B),Central,https://www.cuh.ac.in
Central University of Himachal Pradesh,Himachal Pradesh,2(f) & 12(B),Central,https://www.cuhimachal.ac.in
Central University of Jammu,Jammu and Kashmir,2(f) & 12(B),Central,https://www.cujammu.ac.in
Central University of Jharkhand,Jharkhand,2(f) & 12(B),Central,https://www.cuj.ac.in
Central University of Karnataka,Karnataka,2(f) & 12(B),Central,https://www.cuk.ac.in
Central University of Kashmir,Jammu and Kashmir,2(f) & 12(B),Central,https://www.cukashmir.ac.in
Central University of Kerala,Kerala,2(f) & 12(B),Central,https://www.cukerala.ac.in
Central University of Odisha,Odisha,2(f) & 12(B),Central,https://cuo.ac.in
Central University of Punjab,Punjab,2(f) & 12(B),Central,https://www.cup.ac.in
Central University of Rajasthan,Rajasthan,2(f) & 12(B),Central,https://www.curaj.ac.in
Central University of South Bihar,Bihar,2(f) & 12(B),Central,https://www.cusb.ac.in
Central University of Tamil Nadu,Tamil Nadu,2(f) & 12(B),Central,https://cutn.ac.in
Centurion  University  of Technolgy and Management,Odisha,2(f) & 12(B),Private,https://http//www.cutm.ac.in
Centurion University of Technology and Management,Andhra Pradesh,2(f),Private,https://cutmap.ac.in
CEPT University (Formerly Centre for Environmental Planning and Technology University),Gujarat,2(f),Private,https://www.cept.ac.in
Chaitanya,Telangana,Section-III,Deemed to be Universities,https://chaitanya.edu.in
Chanakya National Law University,Bihar,2(f) & 12(B),State,https://www.cnlu.ac.in
Chandigarh University,Uttar Pradesh,2(f),Private,https://www.culko.in
Chandigarh University,Punjab,2(f) & 12(B),Private,https://www.cuchd.in
Chandra Shekhar Azad University of Agriculture & Technology,Uttar Pradesh,2(f) & 12(B),State,https://www.csauk.ac.in
Charotar University of Science & Technology,Gujarat,2(f),Private,https://www.charusat.ac.in
Chaudhary Bansi Lal University,Haryana,2(f) & 12(B),State,https://cblu.ac.in
Chaudhary Charan Singh University,Uttar Pradesh,2(f) & 12(B),State,https://www.ccsuniversity.ac.in
Chaudhary Devi Lal University,Haryana,2(f) & 12(B),State,https://cdlu.digitaluniversity.ac
Chaudhary Ranbir Singh University,Haryana,2(f) & 12(B),State,https://www.crsujind.org
Chaudhary Sarwan Kumar Himachal Pradesh Krishi Vishvavidyalaya,Himachal Pradesh,2(f) & 12(B),State,https://hillagric.ac.in:1003/cskhpau
Chennai Mathematical Institute,Tamil Nadu,Section-III,Deemed to be Universities,https://www.cmi.ac.in
Chettinad Academy of Research and Education  (CARE),Tamil Nadu,Section-III & 12(B),Deemed to be Universities,https://care.edu.in
Chhatrapati Shahu Ji Maharaj University,Uttar Pradesh,2(f) & 12(B),State,https://csjmu.ac.in
Chhatrapati Shivaji Maharaj University,Maharashtra,2(f),Private,https://www.csmu.ac.in
Chhattisgarh Kamdhenu Vishwavidyalaya,Chhattisgarh,2(f),State,https://cgkv.ac.in
Chhattisgarh Swami Vivekanad Technical Universty,Chhattisgarh,2(f) & 12(B),State,https://www.csvtu.ac.in
Children's University,Gujarat,2(f),State,https://www.cugujarat.ac.in
Chinmaya Vishwavidyapeeth,Kerala,Section-III,Deemed to be Universities,https://www.cvv.ac.in
Chirayu University,Madhya Pradesh,2(f),Private,https://www.cmchbhopal.com
Chitkara  University,Punjab,2(f) & 12(B),Private,https://www.chitkara.edu.in
Chitkara University,Himachal Pradesh,2(f),Private,https://www.chitkarauniversity.edu.in
Choudhary Charan Singh Haryana Agricultural Univeersity,Haryana,2(f) & 12(B),State,https://www.hau.ac.in
Christ,Karnataka,Section-III,Deemed to be Universities,https://www.christuniversity.in
Cluster University,Andhra Pradesh,2(f),State,https://www.cuklap.ac.in
Cluster University of Jammu,Jammu and Kashmir,2(f),State,https://clujammu.ac.in
Cluster University of Srinagar,Jammu and Kashmir,2(f),State,https://www.cusrinagar.edu.in
CMJ University,Meghalaya,2(f),Private,https://www.cmjumeghalaya.edu.in
CMR University,Karnataka,2(f),Private,https://www.cmr.edu.in
Cochin Unviersity of Science & Technology,Kerala,2(f) & 12(B),State,https://www.cusat.ac.in
COEP Technological University,Maharashtra,2(f),State,https://www.coeptech.ac.in
Cooch Behar Panchanan Barma University,West Bengal,2(f),State,https://cbpbu.ac.in
Cotton University,Assam,2(f) & 12(B),State,https://cottonuniversity.ac.in
CT University,Punjab,2(f),Private,https://www.ctuniversity.in
D Y Patil International University,Maharashtra,2(f),Private,https://dypiu.ac.in
D. Y. Patil,Maharashtra,Section-III,Deemed to be Universities,https://www.dypatil.ac.in
D. Y. Patil  Agriculture and Technical University,Maharashtra,2(f),Private,https://www.dyp-atu.org
D.A.V University,Punjab,2(f),Private,https://www.davuniversity.org
D.Y Patil Educational Society,Maharashtra,Section-III,Deemed to be Universities,https://dypatilunikop.org
Dada Lakhmi Chand State University of Performing and Visual Arts (SUPVA),Haryana,2(f),State,https://dlcsupva.ac.in
Damodaram Sanjivayya National Law University,Andhra Pradesh,2(f) & 12(B),State,https://dsnlu.ac.in
Darshan University,Gujarat,2(f),Private,https://www.darshan.ac.in
Datta Meghe Institute of Higher Education and Research,Maharashtra,Section-III & 12(B),Deemed to be Universities,https://www.dmimsu.edu.in
Davangere University,Karnataka,2(f) & 12(B),State,https://www.davangereuniversity.ac.in
Dayalbagh Educational Institute,Uttar Pradesh,Section-III & 12(B),Deemed to be Universities,https://www.dei.ac.in
Dayananda Sagar University,Karnataka,2(f),Private,https://www.dsu.edu.in
DBS Global University,Uttarakhand,2(f),Private,https://dgu.ac
Deccan College Postgraduate & Research Institute,Maharashtra,Section-III,Deemed to be Universities,https://www.dcpune.ac.in
Deen Bandhu Chhotu Ram University of Sciences & Technology,Haryana,2(f) & 12(B),State,https://www.dcrusm.ac.in
Deen Dayal Upadhyay Gorakhpur University,Uttar Pradesh,2(f) & 12(B),State,https://www.ddugu.edu.in
Defence Institute of Advanced Technology,Maharashtra,Section-III,Deemed to be Universities,https://www.diat.ac.in
Delhi Pharmaceutical Sciences & Research University,Delhi,2(f),State,https://dpsru.edu.in
Delhi Skill and Entrepreneurship University,Delhi,2(f),State,https://dseu.ac.in
Delhi Technological University,Delhi,2(f) & 12(B),State,https://www.dtu.ac.in
DES Pune University,Maharashtra,2(f),Private,https://despu.edu.in
Desh Bhagat University,Punjab,2(f) & 12(B),Private,https://www.deshbhagatuniversity.in
Dev Bhoomi Uttarakhand University,Uttarakhand,2(f),Private,https://www.dbuu.ac.in
Dev Sanskriti Vishwavidyalaya,Chhattisgarh,2(f),Private,https://www.dsvv.ac.in
Dev Sanskriti Vishwavidyalaya,Uttarakhand,2(f),Private,https://www.dsvv.ac.in
Devi Ahilya Vishwavidyalaya,Madhya Pradesh,2(f) & 12(B),State,https://www.dauniv.ac.in
Dhanalakshmi Srinivasan University,Tamil Nadu,2(f),Private,https://www.dsuniversity.ac.in
Dhanamanjuri University,Manipur,2(f),State,https://www.dmu.ac.in
Dharmashastra National Law University,Madhya Pradesh,2(f),State,https://www.mpdnlu.ac.in
Dharmsinh Desai University,Gujarat,2(f) & 12(B),State,https://www.ddu.ac.in
"Dhirubhai Ambani University (Formerly Dhirubhai Ambani Institute of Information and Communication Technology, Gandhinagar)",Gujarat,2(f),Private,https://www.daiict.ac.in
Diamond Harbour Women's University,West Bengal,2(f) & 12(B),State,https://www.dhwu.ac.in
Dibrugarh University,Assam,2(f) & 12(B),State,https://www.dibru.ac.in
DIT University,Uttarakhand,2(f),Private,https://www.dituniversity.edu.in
Doon University,Uttarakhand,2(f) & 12(B),State,https://www.gov.ua.nic.in/doonuniversity
Dr C. V. Raman University,Bihar,2(f),Private,https://www.cvrubihar.ac.in
Dr K N Modi University,Rajasthan,2(f) & 12(B),Private,https://www. dknmu.org
Dr Y. S. R. Architecture & Fine Arts University,Andhra Pradesh,2(f),State,https://www.ysrafu.ac.in
Dr. A.P.J Abdul Kalam University,Madhya Pradesh,2(f),Private,https://www.aku.ac.in
Dr. A.P.J. Abdul Kalam Technical University,Uttar Pradesh,2(f) & 12(B),State,https://aktu.ac.in
Dr. Abdul Haq Urdu University,Andhra Pradesh,2(f),State,https://ahuuk.ac.in
Dr. B. R. Ambedkar University,Andhra Pradesh,2(f) & 12(B),State,https://www.brau.edu.in
Dr. B. R. Ambedkar University of Social Sciences,Madhya Pradesh,2(f) & 12(B),State,https://brauss.in
Dr. B.R. Ambedkar National Law University,Haryana,2(f),State,https://dbranlu.ac.in
Dr. B.R. Ambedkar University,Uttar Pradesh,2(f) & 12(B),State,https://dbrau.ac.in
Dr. B.R. Ambedkar University,Delhi,2(f) & 12(B),State,https://www.aud.ac.in
Dr. B.R.Ambedkar Open University,Telangana,2(f) & 12(B),State,https://www.braou.ac.in
Dr. Babasaheb Ambedkar Marathwada University,Maharashtra,2(f) & 12(B),State,https://www.bamu.net
Dr. Babasaheb Ambedkar Open University,Gujarat,2(f) & 12(B),State,https://www.baou.edu.in
Dr. Babasaheb AmbedkarTechnological University,Maharashtra,2(f) & 12(B),State,https://www.dbatu.ac.in
Dr. Bhimrao Ambedkar Law University,Rajasthan,2(f),State,https://www.alujaipur.ac.in
Dr. C.V. Raman University,Chhattisgarh,2(f),Private,https://www.cvru.ac.in
Dr. D.Y. Patil Dnyan Prasad,Maharashtra,2(f),Private,https://dypdpu.edu.in
Dr. D.Y. Patil Vidyapeeth,Maharashtra,Section-III & 12(B),Deemed to be Universities,https://www.dpu.edu.in
Dr. Harisingh Gour Vishwavidyalaya,Madhya Pradesh,2(f) & 12(B),Central,https://dhsgsu.edu.in
Dr. Homi Bhabha State University,Maharashtra,2(f),State,https://www.hbsu.ac.in
Dr. M.G.R. Educational and Research Institute,Tamil Nadu,Section-III,Deemed to be Universities,https://www.drmgrdu.ac.in
Dr. N.T.R. University of Health Sciences,Andhra Pradesh,2(f),State,https://drntruhs.in
Dr. P. A. Inamdar University,Maharashtra,2(f),Private,https://drpaiu.edu.in
Dr. Punjabrao Deshmukh Krishi Vidyapeeth,Maharashtra,2(f) & 12(B),State,https://www.pdkv.mah.nic.in
Dr. Rajendra Prasad Central Agricultural University,Bihar,2(f) & 12(B),Central,https://www.rpcau.ac.in
Dr. Rajendra Prasad National Law University,Uttar Pradesh,2(f),State,https://www.rpnlup.ac.in
Dr. Ram Manohar Lohia Awadh University,Uttar Pradesh,2(f) & 12(B),State,https://www.rmlau.ac.in
Dr. Ram Manohar Lohia Institute of Medical Sciences,Uttar Pradesh,2(f),State,https://www.drrmlims.ac.in
Dr. Ram Manohar Lohiya National Law University,Uttar Pradesh,2(f) & 12(B),State,https://www.rmlau.ac.in
Dr. Shakuntala Misra National Rehabilitation University,Uttar Pradesh,2(f) & 12(B),State,https://dsmru.up.nic.in
Dr. Vishwanath Karad MIT World Peace University,Maharashtra,2(f),Private,https://mitwpu.edu.in
Dr. Y.S.Parmar University of Horticulture & Forestry,Himachal Pradesh,2(f) & 12(B),State,https://www.yspuniversity.ac.in
Dr. Y.S.R. Horticultural University,Andhra Pradesh,2(f),State,https://drysrhu.ap.gov.in
Dravidian University,Andhra Pradesh,2(f) & 12(B),State,https://www.dravidianuniversity.ac.in
DRIEMS University,Odisha,2(f),Private,https://driems.ac.in
Drs. Kiran & Pallavi Patel Global University (KPGU),Gujarat,2(f),Private,https://kpgu.ac.in
Durga Soren University,Jharkhand,2(f),Private,https://www.durgasorenuniversity.ac.in
Eklavya University,Madhya Pradesh,2(f),Private,https://eklavyauniversity.ac.in
English & Foreign Languages University,Telangana,2(f) & 12(B),Central,https://www.efluniversity.ac.in
Era University,Uttar Pradesh,2(f),Private,https://www.erauniversity.in
Eternal University,Himachal Pradesh,2(f),Private,https://www.eternaluniversity.edu.i
Fakir Mohan University,Odisha,2(f) & 12(B),State,https://fmuniversity.nic.in
Flame University,Maharashtra,2(f),Private,https://www.flame.edu.in
Forest Research Institute,Uttarakhand,Section-III,Deemed to be Universities,https://www.icfre.org
Future University,Uttar Pradesh,2(f),Private,https://www.futureuniversity.in
G L A University,Uttar Pradesh,2(f) & 12(B),Private,https://www.gla.ac.in
G. D. Goenka University,Haryana,2(f),Private,https://www.gdgoenkauniversity.com
G. M. University,Karnataka,2(f),Private,https://www.gmu.ac.in
G. S. University,Uttar Pradesh,2(f),Private,https://gsuniversity.ac.in
G.B.Pant University of Agriculture & Technology,Uttarakhand,2(f) & 12(B),State,https://www.gbpuat.ac.in
G.H Raisoni University,Madhya Pradesh,2(f),Private,https://www.ghru.edu.in
G.H.Raisoni University,Maharashtra,2(f),Private,https://ghru.edu.in/amravati
G.L.S. University,Gujarat,2(f),Private,https://www.glsuniversity.ac.in
Galgotias University,Uttar Pradesh,2(f) & 12(B),Private,https://www.galgotiasuniversity.edu.in
"Gandhi Institute of Engineering and Technology University Odisha, Gunupur (GIET University)",Odisha,2(f),Private,https://www.giet.edu
Gandhi Institute of Technology and Management (GITAM),Andhra Pradesh,Section-III,Deemed to be Universities,https://www.gitam.edu
Gandhinagar University,Gujarat,2(f),Private,https://www.gandhinagaruni.ac.in
Gangadhar Meher University,Odisha,2(f) & 12(B),State,https://www.gmuniversity.ac.in
Ganpat University,Gujarat,2(f),Private,https://www.ganpatuniversity.ac.in
Garden City University,Karnataka,2(f),Private,https://www.gardencity.university
Gati Shakti Vishwavidyalaya,Gujarat,2(f) & 12(B),Central,https://gsv.ac.in
Gauhati University,Assam,2(f) & 12(B),State,https://www.gauhati.ac.in
Gautam Buddha University,Uttar Pradesh,2(f) & 12(B),State,https://www.gbu.ac.in
Geeta University,Haryana,2(f),Private,https://www.geetauniversity.edu.in
Geetanjali University,Rajasthan,2(f),Private,https://geetanjaliuniversity.com
Girijananda Chowdhury University,Assam,2(f),Private,https://gcuniversity.ac.in
GNA University,Punjab,2(f),Private,https://www.gnauniversity.edu.in
Goa University,Goa,2(f) & 12(B),State,https://www.unigoa.ac.in
Gokhale Institute of Politics & Economics,Maharashtra,Section-III & 12(B),Deemed to be Universities,https://www.gipe.ac.in
Gokul Global University,Gujarat,2(f),Private,https://www.gokuluniversity.ac.in
Gondwana University,Maharashtra,2(f) & 12(B),State,https://www.gondwana.digitaluniversity.org
Gopal Narayan Singh University,Bihar,2(f),Private,https://gnsu.ac.in
Govind Guru Tribal University,Rajasthan,2(f),State,https://www.ggtu.ac.in
Graphic Era,Uttarakhand,Section-III,Deemed to be Universities,https://www.geu.ac.in
Graphic Era Hill University,Uttarakhand,2(f),Private,https://www.gehu.ac.in
GSFC University,Gujarat,2(f),Private,https://www.gsfcuni.edu.in
Gujarat Ayurveda University,Gujarat,2(f) & 12(B),State,https://www.ayurveduniversity.edu.in
Gujarat Biotechnology University,Gujarat,2(f),State,https://gbu.gujarat.gov.in/Announcements.php
Gujarat Maritime University,Gujarat,2(f),Private,https://gmu.edu.in
Gujarat National Law University,Gujarat,2(f) & 12(B),State,https://www.gnlu.ac.in
Gujarat Technological University,Gujarat,2(f) & 12(B),State,https://www.gtu.ac.in
Gujarat University,Gujarat,2(f) & 12(B),State,https://www.gujaratuniversity.ac.in
Gujarat University of Transplantation Sciences,Gujarat,2(f),State,https://www.guts.education
Gujarat Vidyapith,Gujarat,Section-III,Deemed to be Universities,https://www.gujaratvidyapith.org
Gulbarga University,Karnataka,2(f) & 12(B),State,https://gug.ac.in
Guru Angad Dev Veterinary & Animal Sciences University,Punjab,2(f) & 12(B),State,https://www.gadvasu.in
Guru Ghasidas Vishwavidyalaya,Chhattisgarh,2(f) & 12(B),Central,https://www.ggu.ac.in
Guru Gobind Singh Indraprastha Vishwavidyalaya,Delhi,2(f) & 12(B),State,https://www.ipu.ac.in
Guru Jambeshwar University of Science and Technology,Haryana,2(f),State,https://www.gjust.ac.in
Guru Jambheshwar University,Uttar Pradesh,2(f),State,https://nan
Guru Kashi University,Punjab,Category-I,Private,https://gurukashiuniversity.in
Guru Nanak Dev University,Punjab,2(f) & 12(B),State,https://www.gndu.ac.in
Guru Nanak University,Telangana,2(f),Private,https://gnuindia.org
Guru Ravidas Ayurved University,Punjab,2(f),State,https://graupunjab.org
Gurugram University,Haryana,2(f),State,https://gurugramuniversity.ac.in
Gurukul Kangri Vidyapeeth,Uttarakhand,Section-III & 12(B),Deemed to be Universities,https://www.gkv.ac.in
Gyanmanjari Innovative University,Gujarat,2(f),Private,https://gmiu.edu.in/gmiu/website
Gyanodaya University,Madhya Pradesh,2(f),Private,https://gyanodayauniversity.ac.in
Gyanveer University,Madhya Pradesh,2(f),Private,https://www.gyanveeruniversity.edu.in
Harcourt Butler Technical University,Uttar Pradesh,2(f),State,https://hbtu.ac.in
Harichand Guruchand University,West Bengal,2(f),State,https://harichandguruchanduniversity.com
Haridev Joshi University of Journalism and Mass Communication,Rajasthan,2(f),State,https://hju.ac.in
Haridwar University,Uttarakhand,2(f),Private,https://huroorkee.ac.in
Hemchand Yadav Vishwavidyalaya(Earlier known as Durg Vishwavidyalaya),Chhattisgarh,2(f),State,https://www.durguniversity.ac.in
Hemchandracharya North Gujarat University,Gujarat,2(f) & 12(B),State,https://www.ngu.ac.in
Hemvati Nandan Bahuguna Garhwal University,Uttarakhand,2(f) & 12(B),Central,https://www.hnbgu.ac.in
Hidayatullah National Law University,Chhattisgarh,2(f) & 12(B),State,https://www.hnlu.ac.in
Himachal Pradesh National Law University,Himachal Pradesh,2(f) & 12(B),State,https://www.hpnlu.ac.in
Himachal Pradesh Technical University,Himachal Pradesh,2(f),State,https://www.himtu.ac.in
Himachal Pradesh University,Himachal Pradesh,2(f) & 12(B),State,https://hpuniv.ac.in
Himalayan University,Arunachal Pradesh,2(f),Private,https://www.himalayanuniversity.com
Hindi University,West Bengal,2(f),State,https://www.hindiuniv.ac.in
Hindustan Institute of Technology  and Science (HITS),Tamil Nadu,Section-III,Deemed to be Universities,https://hindustanuniv.ac.in
"Homi Bhabha National Institute, Regd. Office",Maharashtra,Section-III & 12(B),Deemed to be Universities,https://www.hbni.ac.in
HRIT University,Uttar Pradesh,2(f),Private,https://www.hrit.ac.in
Hyderabad (SIND) National Collegiate University,Maharashtra,2(f),State,https://www.hsncu.edu.in
I.E.C. (India Education Centre) University,Himachal Pradesh,2(f),Private,https://www.iecuniversity.ac.in
I.E.S. University,Madhya Pradesh,2(f),Private,https://www.iesuniversity.ac.in
I.K. Gujaral Punjab Technical University,Punjab,2(f),State,https://ptu.ac.in
ICFAI Foundation for Higher Education,Telangana,Section-III & 12(B),Deemed to be Universities,https://www.ifheindia.org
ICFAI University,Nagaland,2(f),Private,https://www.iunagaland.edu.in
ICFAI University,Rajasthan,2(f),Private,https://www.iujaipur.edu.in
ICFAI University,Himachal Pradesh,2(f),Private,https://www.iuhimachal.edu.in
ICFAI University,Chhattisgarh,2(f),Private,https://www.iuraipur.edu.in
IFTM University,Uttar Pradesh,2(f),Private,https://iftmuniversity.ac.in
IIHMR University,Rajasthan,2(f),Private,https://www.iihmr.edu.in
IILM University,Haryana,2(f),Private,https://www.iilm.edu
IILM University,Uttar Pradesh,2(f),Private,https://iilm.ac.in
IIMT University,Uttar Pradesh,2(f) & 12(B),Private,https://iimtu.com
IIS,Rajasthan,Section-III & 12(B),Deemed to be Universities,https://www.iisuniv.ac.in
IMS Unison University,Uttarakhand,2(f),Private,https://www.iuu.ac
Indain Institute of Foreigen Trade,Delhi,Section-III & 12(B),Deemed to be Universities,https://www.iift.edu
India International University of Legal Education and Research,Goa,2(f),Private,https://www.iiuler.com
Indian Agricultural Research Institute,Delhi,Section-III & 12(B),Deemed to be Universities,https://www.iari.res.in
Indian Association for the Cultivation of Science (IACS),West Bengal,Section-III,Deemed to be Universities,https://www.iacs.res.in
Indian Institute of Forest Management (IIFM),Madhya Pradesh,Section-III,Deemed to be Universities,https://iifm.ac.in
Indian Institute of Heritage,Delhi,Section-III,Deemed to be Universities,https://nmi.gov.in
Indian Institute of Mass Communication (IIMC),Delhi,Section-III,Deemed to be Universities,https://iimc.nic.in
Indian Institute of Public Health,Gujarat,2(f),Private,https://www.iiphg.edu.in
Indian Institute of Science,Karnataka,Section-III & 12(B),Deemed to be Universities,https://iisc.ac.in
Indian Institute of Space Science and Technology,Kerala,Section-III,Deemed to be Universities,https://www.iist.ac.in
Indian Institute of Teacher Education,Gujarat,2(f),State,https://www.iite.ac.in
Indian Law Institute,Delhi,Section-III & 12(B),Deemed to be Universities,https://ili.ac.in
Indian Maritime University,Tamil Nadu,2(f) & 12(B),Central,https://www.imu.edu.in
Indian Veterinary Research Institute,Uttar Pradesh,Section-III,Deemed to be Universities,https://www.ivri.nic.in
Indira Gandhi Delhi Technical University for Women,Delhi,2(f),State,https://www.igdtuw.ac.in
Indira Gandhi Institute of Development Research,Maharashtra,Section-III,Deemed to be Universities,https://www.igidr.ac.in
Indira Gandhi Krishi Vishwavidyalaya,Chhattisgarh,2(f) & 12(B),State,https://igkv.ac.in
Indira Gandhi National Open University,Delhi,2(f) & 12(B),Central,https://www.ignou.ac.in
Indira Gandhi Technological and Medical Science University,Arunachal Pradesh,2(f),Private,https://www.igtamsu.ac.in.
Indira Gandhi University,Haryana,2(f) & 12(B),State,https://www.igu.ac.in
Indira Kala Sangeet Vishwavidyalaya,Chhattisgarh,2(f) & 12(B),State,https://www.iksv.ac.in
Indraprastha Institute of Information Technology,Delhi,2(f) & 12(B),State,https://www.iiitd.ac.in
Indrashil University,Gujarat,2(f),Private,https://indrashiluniversity.edu.in
Indus International Uniersity,Himachal Pradesh,2(f),Private,https://www.iiuedu.in
Indus University,Gujarat,2(f),Private,https://indusuni.ac.in
Institute of Advanced Research,Gujarat,2(f),Private,https://www.iar.ac.in
Institute of Advanced Studies in Education,Rajasthan,Section-III,Deemed to be Universities,https://www.iaseuniversity.org.in
Institute of Chemical Technology,Maharashtra,Section-III & 12(B),Deemed to be Universities,https://www.ictmumbai.edu.in
Institute of Infrastructure Technology Research and Management,Gujarat,2(f),State,https://iitram.ac.in
Institute of Liver and Biliary Sciences(ILBS),Delhi,Section-III & 12(B),Deemed to be Universities,https://www.ilbs.in
Integral University,Uttar Pradesh,2(f) & 12(B),Private,https://www.iul.ac.in
International Institute for Population Sciences,Maharashtra,Section-III,Deemed to be Universities,https://www.iipsindia.org
International Institute of Information Technology,Karnataka,Section-III,Deemed to be Universities,https://www.iiitb.ac.in
International Institute of Information Technology,Telangana,Section-III,Deemed to be Universities,https://www.iiit.ac.in
International Institute of Information Technology,Chhattisgarh,2(f),State,https://www.iiitnr.ac.in
International Institute of Information Technology (IIIT),Odisha,2(f),State,https://www.iiit-bh.ac.in
Invertis University,Uttar Pradesh,2(f),Private,https://www.invertis.org
ISBM University,Chhattisgarh,2(f),Private,https://isbmuniversity.edu.in
Islamic University of Sciences & Technology University,Jammu and Kashmir,2(f) & 12(B),State,https://www.islamicuniversity.edu.in
ITM (SLS) Baroda University,Gujarat,2(f),Private,https://www.itmbu.ac.in
ITM Skills University,Maharashtra,2(f),Private,https://www.isu.ac.in
ITM University,Chhattisgarh,2(f),Private,https://www.itmuniversity.org
ITM University,Madhya Pradesh,2(f),Private,https://www.itmuniversity.ac.in
ITM Vocational University,Gujarat,2(f),Private,https://www.itm.ac.in
"J. C. Bose University of Science & Technology, YMCA",Haryana,2(f) & 12(B),State,https://www.jcboseust.ac.in
J. N. C. T professional University,Madhya Pradesh,2(f),Private,https://jnctbhopal.ac.in
J.E.C.R.C  University,Rajasthan,2(f) & 12(B),Private,https://jecrcuniversity.edu.in
J.G. University,Gujarat,2(f),Private,https://jguni.in
J.S. University,Uttar Pradesh,2(f),Private,https://www.jsu.ac.in
Jadavpur University,West Bengal,2(f) & 12(B),State,https://www.jadavpuruniversity.in
Jagadguru Ramanandacharya Sanskrit University,Rajasthan,2(f) & 12(B),State,https://www.jrrsanskrituniversity.ac.in
Jagadguru Rambhadracharya Divyang State University,Uttar Pradesh,2(f),State,https://www.jrdu.ac.in
Jagan Nath University,Haryana,2(f),Private,https://www.jagannathuniversityncr.ac.in
Jagannath University,Rajasthan,2(f),Private,https://www.jagannathuniversity.org
Jagat Guru Nanak Dev Punjab State Open University,Punjab,2(f),State,https://psou.ac.in
Jagran Lakecity University,Madhya Pradesh,2(f),Private,https://www.jlu.edu.in
Jai Minesh Adivasi University,Rajasthan,2(f),Private,https://www.jmau.ac.in
Jai Narain Vyas University,Rajasthan,2(f) & 12(B),State,https://www.jnvu.co.in
Jai Prakash University,Bihar,2(f) & 12(B),State,https://jpv.ac.in
Jain,Karnataka,Section-III,Deemed to be Universities,https://www.jainuniversity.ac.in
Jain Vishva Bharati Institute,Rajasthan,Section-III & 12(B),Deemed to be Universities,https://jvbi.ac.in
Jaipur National University,Rajasthan,2(f),Private,https://www.jnujaipur.ac.in
Jamia Hamdard,Delhi,Section-III & 12(B),Deemed to be Universities,https://www.jamiahamdard.edu
Jamia Millia Islamia,Delhi,2(f) & 12(B),Central,https://www.jmi.nic.in
Jammu University,Jammu and Kashmir,2(f) & 12(B),State,https://www.jammuuniversity.ac.in
Jananayak Chandrashekhar University,Uttar Pradesh,2(f),State,https://jncu.ac.in
Janardan Rai Nagar Rajasthan Vidyapeeth,Rajasthan,Section-III,Deemed to be Universities,https://jrnrvu.edu.in
Jawahar Lal Nehru Centre for Advanced Scientific Research,Karnataka,Section-III & 12(B),Deemed to be Universities,https://www.jncasr.ac.in
Jawaharlal Nehru Architecture and Fine Arts University,Telangana,2(f) & 12(B),State,https://jnafau.ac.in
Jawaharlal Nehru Krishi Vishwavidyalaya,Madhya Pradesh,2(f) & 12(B),State,https://www.jnkvv.nic.in
Jawaharlal Nehru Technological University,Telangana,2(f) & 12(B),State,https://www.jntuh.ac.in
Jawaharlal Nehru Technological University,Andhra Pradesh,2(f),State,https://jntukucev.ac.in
Jawaharlal Nehru Technological University (Anantapur),Andhra Pradesh,2(f) & 12(B),State,https://www.jntua.ac.in
Jawaharlal Nehru Technological University (Kainada),Andhra Pradesh,2(f) & 12(B),State,https://www.jntuk.edu.in
Jawaharlal Nehru University,Delhi,2(f) & 12(B),Central,https://www.jnu.ac.in
Jayoti Vidyapeet Women's University,Rajasthan,2(f) & 12(B),Private,https://www.jvwomensuniv.com
Jaypee Institute of Information Technology,Uttar Pradesh,Section-III,Deemed to be Universities,https://www.jiit.ac.in
Jaypee University,Uttar Pradesh,2(f),Private,https://www.jaypeeu.ac.in
Jaypee University of Engineering & Technology,Madhya Pradesh,2(f),Private,https://www.juet.ac.in
Jaypee University of Information Technology,Himachal Pradesh,2(f),Private,https://www.juit.ac.in
Jharkhand Rai University,Jharkhand,2(f),Private,https://www.jru.edu.in
Jharkhand State Open University,Jharkhand,2(f),State,https://jharkhanduniversities.nic.in/jsou/home
Jigyasa University ( Formerly name Himgiri Zee University),Uttarakhand,2(f),Private,https://www.hzu.edu.in
JIS University,West Bengal,2(f),Private,https://www.jisuniversity.ac.in
Jiwaji University,Madhya Pradesh,2(f) & 12(B),State,https://www.jiwaji.edu
JK Lakshmipat University,Rajasthan,2(f),Private,https://www.jklu.edu.in
Jodhpur National University,Rajasthan,2(f),Private,https://www.jodhpurnationaluniversity.com
JSPM University,Maharashtra,2(f),Private,https://jspmuni.ac.in
JSS Academy of Higher Education & Research,Karnataka,Section-III & 12(B),Deemed to be Universities,https://www.jssuni.edu.in
JSS Science & Technology University,Karnataka,2(f),Private,https://jssstuniv.in
JSS University,Uttar Pradesh,2(f),Private,https://jssuninoida.edu.in
Junagarh Agricultural University,Gujarat,2(f),State,https://www.jau.in
K K University,Bihar,2(f),Private,https://www.kkuniversity.ac.in
K. K. Modi University,Chhattisgarh,2(f),Private,https://kkmu.edu.in
K. N. University,Gujarat,2(f),Private,https://knu.edu.in
K.L.E. Academy of Higher Education and Research,Karnataka,Section-III,Deemed to be Universities,https://kledeemeduniversity.edu.in
K.M. (Krishna Mohan) University,Uttar Pradesh,2(f),Private,https://kmu.edu.in
K.R. Mangalam University,Haryana,2(f),Private,https://www.krmangalam.edu.in
Kadi  Sarva Vishwavidyalaya,Gujarat,2(f),Private,https://ksvuniversity.org.in
Kakatiya University,Telangana,2(f) & 12(B),State,https://www.kakatiya.ac.in
Kalahandi University,Odisha,2(f),State,https://kalahandiuniversity.ac.in
Kalasalingam Academy of Research and Education,Tamil Nadu,Section-III,Deemed to be Universities,https://kalasalingam.ac.in
Kalinga Institute of Industrial Technology,Odisha,Section-III & 12(B),Deemed to be Universities,https://kiit.ac.in
Kalinga Institute of Social Sciences,Odisha,Section-III,Deemed to be Universities,https://kiss.ac.in
Kalinga University,Chhattisgarh,2(f) & 12(B),Private,https://www.kalingauniversity.ac.in
Kaloji Narayana Rao University of Health Sciences,Telangana,2(f),State,https://knruhs.telangana.gov.in
Kalyani University,West Bengal,2(f) & 12(B),State,https://www.klyuniv.ac.in
Kamdhenu University,Gujarat,2(f),State,https://www.kamdhenuuni.edu.in
Kameshwar Singh Darbhanga Sanskrit Vishwavidyalaya,Bihar,2(f) & 12(B),State,https://www.ksdsu.edu.in
Kannada University,Karnataka,2(f) & 12(B),State,https://www.kannadauniversity.org
Kannur University,Kerala,2(f) & 12(B),State,https://www.kannuruiversity.ac.in
Kanyashree University,West Bengal,2(f),State,https://www.kanyashreeuniversity.in
Karmaveer Bhaurao Patil University,Maharashtra,2(f),State,https://www.unikbp.ac.in
Karnatak  University,Karnataka,2(f) & 12(B),State,https://www.kud.ac.in
Karnataka  State Law University,Karnataka,2(f) & 12(B),State,https://kslu.karnataka.gov.in
Karnataka  State Open University,Karnataka,2(f) & 12(B),State,https://ksoumysuru.ac.in
Karnataka Folklore University,Karnataka,2(f),State,https://www.janapadauni.in
Karnataka Samskrit University,Karnataka,2(f) & 12(B),State,https://www.ksu.ac.in
"Karnataka State Akkamahadevi Women University (Formerly ""Karnataka State Women's University)",Karnataka,2(f) & 12(B),State,https://www.kswu.ac.in
Karnataka State Rural Development and Panchayat Raj University,Karnataka,2(f),State,https://ksrdpru.ac.in
"Karnataka Veterinary, Animal & Fisheries Science University",Karnataka,2(f),State,https://www.kvafsu.edu.in
Karnavati University,Gujarat,2(f),Private,https://www.karnavatiuniversity.com
Karpagam Academy of Higher Education,Tamil Nadu,Section-III,Deemed to be Universities,https://kahedu.edu.in
Karunya Institute of Technology and Sciences,Tamil Nadu,Section-III,Deemed to be Universities,https://www.karunya.edu
Kashmir University,Jammu and Kashmir,2(f) & 12(B),State,https://www.uok.edu.in
Kavayitri Bahinabai Chadhari North Maharashtra University,Maharashtra,2(f) & 12(B),State,https://www.nmu.ac.in
Kaveri University,Telangana,2(f),Private,https://kaveriuniversity.edu.in
Kavi Kulguru Kalidas Sanskrit Vishwavidyalaya,Maharashtra,2(f) & 12(B),State,https://www.sanskrituni.digitaluniversity.ac
Kazi Nazrul University,West Bengal,2(f) & 12(B),State,https://www.knu.ac.in
Keladi Shivappa Nayaka University of Agriculture and Horticultural Sciences,Karnataka,2(f),State,https://uahs.edu.in/?lang=en
Kerala Agricultural Unviersity,Kerala,2(f) & 12(B),State,https://www.kau.edu
Kerala Kalamandalam,Kerala,Section-III & 12(B),Deemed to be Universities,https://www.kalamandalam.ac.in
Kerala University,Kerala,2(f) & 12(B),State,https://www.keralauniversity.edu
Kerala University of Digital Sciences Innovation and Technology,Kerala,2(f),State,https://duk.ac.in
Kerala University of Fisheries & Ocean Studies,Kerala,2(f) & 12(B),State,https://www.kufos.ac.in
Kerala University of Health Sciences,Kerala,2(f),State,https://www.kuhs.ac.in
Kerala Veterinary & Animal Sciences University,Kerala,2(f),State,https://www.kvasu.ac.in
Khallikote Unitary University,Odisha,2(f),State,https://kuu.ac.in
Khangchendzonga State University (Formerly Sikkim State University),Sikkim,2(f),State,https://www.ksus.ac.in
Khongnangthaba University,Manipur,2(f),Private,https://www.khongnangthabauniversity.org
Khwaja Moinuddin Chishti Language University,Uttar Pradesh,2(f) & 12(B),State,https://kmclu.ac.in
King Georges Medical University,Uttar Pradesh,2(f) & 12(B),State,https://www.kgmcindia.edu
Kishkinda University,Karnataka,2(f),Private,https://kishkindauniversity.edu.in
KLE Technological University,Karnataka,2(f) & 12(B),Private,https://kletech.ac.in
Kodagu University,Karnataka,2(f),State,https://kuk.karnataka.gov.in/en
Kolhan University,Jharkhand,2(f),State,https://www.kalhanuniversity.in
Koneru Lakshmaiah Education Foundation,Andhra Pradesh,Section-III & 12(B),Deemed to be Universities,https://www.kluniversity.in
Konkan Krishi Vidyapeeth,Maharashtra,2(f) & 12(B),State,https://www.dbskkv.org
Koppal University,Karnataka,2(f),State,https://universitysolutions.in/kop/index.php
Krantiguru Shyamji Krishna Verma Kachchh University,Gujarat,2(f) & 12(B),State,https://kskvku.digitaluniversity.ac
Krantisurya Tantya Bhil Vishwavidyalaya,Madhya Pradesh,2(f),State,https://ktbuniv.ac.in
KREA University,Andhra Pradesh,2(f),Private,https://krea.edu.in
Krishna Kanta Handiqui State Open University,Assam,2(f),State,https://www.kkhsou.in
Krishna University,Andhra Pradesh,2(f),State,https://www.kru.ac.in
Krishna Vishwa Vidyapeeth,Maharashtra,Section-III,Deemed to be Universities,https://kvv.edu.in
Krishnaguru Adhyatmik Visvavidyalaya,Assam,2(f),Private,https://kav.org.in
KSGH Music and Performing Arts University,Karnataka,2(f),State,https://www.musicuniversity.ac.in
Kumar Bhaskar Varma Sanskrit & Ancient Studies University,Assam,2(f) & 12(B),State,https://www.kbvsasun.ac.in
Kumaun University,Uttarakhand,2(f) & 12(B),State,https://www.kunainital.ac.in
Kurukshetra University,Haryana,2(f) & 12(B),State,https://www.kuk.ac.in
Kushabhau Thakre Patrakarita Avam Jansanchar Vishwavidyalaya,Chhattisgarh,2(f),State,https://www.ktujm.ac.in
Kuvempu University,Karnataka,2(f) & 12(B),State,https://www.kuvempu.ac.in/eng/index.php
Lakshmibai National Institute of Physical Education,Madhya Pradesh,Section-III & 12(B),Deemed to be Universities,https://www.lnipe.edu.in
Lakulish Yoga University,Gujarat,2(f),Private,https://lyu.ac.in/governance
Lala Lajpat Rai University of Veterinary & Animal Sciences,Haryana,2(f) & 12(B),State,https://www.luvas.edu.in
Lalit Narayan Mithila University,Bihar,2(f) & 12(B),State,https://lnmu.ac.in
Lamrin Tech Skills University,Punjab,2(f),Private,https://www.ltsu.ac.in
Laxminarayan Innovation Technological (LIT) University,Maharashtra,2(f),State,https://litu.edu.in
Lingaya's Vidyapeeth,Haryana,Section-III,Deemed to be Universities,https://www.lingayasuniversity.edu.in
LNCT University,Madhya Pradesh,2(f),Private,https://lnctu.ac.in
LNCT Vidhyapeeth University,Madhya Pradesh,2(f),Private,https://www.lnctvu.ac.in
Lok Jagruti Kendra University,Gujarat,2(f),Private,https://www.ljku.edu.in
Lords University,Rajasthan,2(f),Private,https://www.lordsuni.edu.in
Lovely Professional University,Punjab,Category-I,Private,https://www.lpu.in
M. K. University,Gujarat,2(f),Private,https://mkuniversity.edu.in
M.B.M. University,Rajasthan,2(f),State,https://www.mbm.ac.in
M.P.Bhoj (open) University,Madhya Pradesh,2(f) & 12(B),State,https://www.bhojvirtualuniversity.com
M.S. Ramaiah University of Applied Sciences,Karnataka,2(f),Private,https://www.msruas.ac.in
M.V.N. University,Haryana,2(f),Private,https://mvn.edu.in
Madan Mohan Malaviya University of Technology,Uttar Pradesh,2(f) & 12(B),State,https://www.mmmut.ac.in
Madhabdev University,Assam,2(f),State,https://madhabdevuniversity.ac.in
Madhav Institute of Technology and Science,Madhya Pradesh,Section-III,Deemed to be Universities,https://web.mitsgwalior.in
Madhav University,Rajasthan,2(f),Private,https://madhavuniversity.edu.in
Madhusudan Law University,Odisha,2(f),State,https://mlu.ac.in
Madhya Pradesh Medical Science University,Madhya Pradesh,2(f),State,https://mpmsu.edu.in
Madhyanchal Professional University,Madhya Pradesh,2(f),Private,https://www.mpu.ac.in
Madras University,Tamil Nadu,2(f) & 12(B),State,https://www.unom.ac.in
Madurai Kamraj University,Tamil Nadu,2(f) & 12(B),State,https://mkuniversity.ac.in
Magadh University,Bihar,2(f) & 12(B),State,https://www.magadhuniversity.ac.in
Maganbhai Adenwala Mahagujarat University,Gujarat,2(f),Private,https://mamuni.edu.in
Mahakaushal University,Madhya Pradesh,2(f),Private,https://mku.ac.in
Mahapurusha Srimanta Sankaradeva Viswavidyalaya,Assam,2(f),Private,https://www.mssv.ac.in
Maharahtra University of Health Sciences,Maharashtra,2(f),State,https://www.muhsnashik.com
Maharaj Vinayak Global University,Rajasthan,2(f),Private,https://www.mvgu.ac.in
Maharaja Agrasen Himalayan Garhwal University,Uttarakhand,2(f),Private,https://hgu.ac.in
Maharaja Agrasen University,Himachal Pradesh,2(f),Private,https://www.mau.ac.in
Maharaja Bir Bikram University,Tripura,2(f) & 12(B),State,https://mbbuniversity.ac.in
Maharaja Chhatrasal Bundelkhand Vishwavidyalaya,Madhya Pradesh,2(f),State,https://www.mchhatrasaluniversity.com/mch
Maharaja Ganga Singh University,Rajasthan,2(f),State,https://mgsubikaner.ac.in
Maharaja Krishnakumarsinji Bhavnagar University,Gujarat,2(f),State,https://www.mkbhavuni.edu.in/mkbhavuniweb/index.php
Maharaja Ranjit Singh Punjab Technical University,Punjab,2(f) & 12(B),State,https://mrsptu.ac.in
Maharaja Sayajirao University of Baroda,Gujarat,2(f) & 12(B),State,https://www.msubaroda.ac.in
Maharaja Sriram Chandra Bhanja Deo University(Earlier North Orissa University),Odisha,2(f) & 12(B),State,https://www.nou.nic.in
Maharaja Suhel Dev State University,Uttar Pradesh,2(f),State,https://msdsu.ac.in
Maharaja Surajmal Brij University,Rajasthan,2(f),State,https://msbrijuniversity.ac.in
Maharana Partap Horticultural University,Haryana,2(f),State,https://www.mhu.ac.in
Maharana Pratap University of Agriculture & Technology,Rajasthan,2(f),State,https://www.mpuat.ac.in
Maharani Cluster University,Karnataka,2(f),State,https://mcu.karnataka.gov.in/english
Maharashtra Animal & Fishery Sciences University,Maharashtra,2(f),State,https://www.mafsu.in
Maharashtra Institute of Technology University of Meghalaya(Formerly University of Technology & Management),Meghalaya,2(f),Private,https://mituniversityindia.edu.in
"Maharashtra National Law University, Aurangabad",Maharashtra,2(f),State,https://www.mnlua.ac.in
"Maharashtra National Law University, Mumbai",Maharashtra,2(f),State,https://mnlumumbai.edu.in
"Maharashtra National Law University, Nagpur",Maharashtra,2(f) & 12(B),State,https://www.nlunagpur.ac.in
Maharashtra State Skills University,Maharashtra,2(f),State,https://mssu.ac.in
Maharishi Balmiki Sanskrit University,Haryana,2(f),State,https://www.mvsu.ac.in/
Maharishi Mahesh Yogi Vedic Vishwavidyalaya,Madhya Pradesh,2(f),Private,https://www.mmyvv.com
Maharishi Markandeshwar,Haryana,Section-III,Deemed to be Universities,https://www.mmumullana.org
Maharishi Markandeshwar University,Haryana,2(f),Private,https://www.mmambala.org
Maharishi Markandeshwar University,Himachal Pradesh,2(f),Private,https://mmusolan.org
Maharishi University of Information Technology,Uttar Pradesh,2(f),Private,https://www.maharishiuniversity.ac.in
Maharishi University of Management and Technology,Chhattisgarh,2(f),Private,https://www.mumt.com
Maharshi Dayanand Saraswati University,Rajasthan,2(f) & 12(B),State,https://mdsuajmer.ac.in
Maharshi Dayanand University,Haryana,2(f) & 12(B),State,https://www.mdurohtak.ac.in
Maharshi Panini Sanskrit Evam Vedic Vishwavidyalaya,Madhya Pradesh,2(f),State,https://mpsvvujjain.org
Mahatam Gandhi Kashi Vidyapeeth,Uttar Pradesh,2(f) & 12(B),State,https://www.mgkvp.ac.in
Mahatma Gandhi Antarrashtriya Hindi Vishwavidyalaya,Maharashtra,2(f) & 12(B),Central,https://hindivishwa.org
Mahatma Gandhi Central University,Bihar,2(f) & 12(B),Central,https://www.mgcub.ac.in
Mahatma Gandhi Chitrakoot Gramodaya Vishwavidyalaya,Madhya Pradesh,2(f) & 12(B),State,https://gramodayachitrakoot.ac.in
Mahatma Gandhi Udyanikee and Vanikee Vishwavidyalaya,Chhattisgarh,2(f),State,https://mguvv.ac.in
Mahatma Gandhi University,West Bengal,2(f),State,https://www.mguwb.org.in
Mahatma Gandhi University,Telangana,2(f) & 12(B),State,https://www.mguniversity.ac.in
Mahatma Gandhi Unversity,Kerala,2(f) & 12(B),State,https://www.mgu.ac.in
Mahatma Jyoti Rao Phoole University,Rajasthan,2(f),Private,https://www.mjrpuniversity.com
Mahatma Jyotiba Phule Rohilkhand University,Uttar Pradesh,2(f) & 12(B),State,https://www.mjpru.ac.in
Mahatma Phule Krishi Vidyapeeth,Maharashtra,2(f) & 12(B),State,https://www.mpkv.mah.nic.in
Mahaveer University,Uttar Pradesh,2(f),Private,https://mepedu.in
Mahayogi Gorakhnath University Gorakhpur,Uttar Pradesh,2(f),Private,https://mgug.ac.in
Mahindra University,Telangana,2(f),Private,https://www.mahindrauniversity.edu.in
Major S. D. Singh University,Uttar Pradesh,2(f),Private,https://msds.ac.in/en
Majuli University of Culture,Assam,2(f),State,https://www.muoc.ac.in
Makhanlal Chaturvedi National University of Journalism & Communication,Madhya Pradesh,2(f) & 12(B),State,https://www.mcu.ac.in
Malla Reddy University,Telangana,2(f),Private,https://www.mallareddyuniversity.ac.in
Malla Reddy Vishwavidyapeeth,Telangana,Section-III,Deemed to be Universities,https://www.mallareddyvishwavidyapeeth.com
Malwanchal University,Madhya Pradesh,2(f),Private,https://www.malwanchaluniversity.com
Manav Bharti University,Himachal Pradesh,2(f),Private,https://www.manavbhartiuniversity.edu.in
Manav Rachna International Institute of Research and Studies,Haryana,Section-III & 12(B),Deemed to be Universities,https://manavrachna.edu.in
Manav Rachna University,Haryana,2(f),Private,https://mru.edu.in
Mandsaur University,Madhya Pradesh,2(f),Private,https://mandsauruniversity.edu.in
Mandya University,Karnataka,2(f),State,https://www.mandyauniversity.ac.in
Mangalayatan University,Madhya Pradesh,2(f),Private,https://www.mangalayatan.ac.in
Mangalayatan University,Uttar Pradesh,2(f),Private,https://www.mangalayatan.in
Mangalore University,Karnataka,2(f) & 12(B),State,https://www.mangaloreuniversity.ac.in
Manipal Academy of Higher Education,Karnataka,Section-III,Deemed to be Universities,https://www.manipal.edu
Manipal University,Rajasthan,2(f),Private,https://www.jaipur.manipal.edu
Manipur Technical University,Manipur,2(f),State,https://www.mtu.ac.in
Manipur University,Manipur,2(f) & 12(B),Central,https://www.manipuruniv.ac.in
Manipur University of Culture,Manipur,2(f),State,https://www.muc.ac.in
Manonmaniam Sundarnar University,Tamil Nadu,2(f) & 12(B),State,https://www.msuniv.ac.in
Mansarovar Global University,Madhya Pradesh,2(f),Private,https://www.mguindia.com
Marathwada Agricultural University,Maharashtra,2(f) & 12(B),State,https://www.vnmkv.ac.in
Martin Luther Christian University,Meghalaya,2(f),Private,https://www.mlcuniv.in
Marwadi University,Gujarat,2(f),Private,https://www.marwadiuniversity.ac.in
Marwar Medical University,Rajasthan,2(f),State,https://Null
Mata Gujri University,Bihar,2(f),Private,https://www.matagujriuniversity.com
Mata Tripura Sundari Open University,Tripura,2(f),Private,https://Null
MATS University,Chhattisgarh,2(f),Private,https://www.matsuniversity.ac.in
Maulana Abul Kalam Azad University of Technology,West Bengal,2(f) & 12(B),State,https://makautwb.ac.in
Maulana Azad National Urdu University,Telangana,2(f) & 12(B),Central,https://manuu.edu.in
Maulana Azad University,Rajasthan,2(f),Private,https://www.mauj.ac.in
Maulana Mazharul Haque Arabic & Persian University,Bihar,2(f),State,https://mmhapu.bih.nic.in
Maya Devi University,Uttarakhand,2(f),Private,https://maya.edu.in
"Medhavi Skills University, Sikkim",Sikkim,2(f),Private,https://www.msu.edu.in
Medi-Caps University,Madhya Pradesh,2(f),Private,https://www.medicaps.ac.in
Meenakshi Academy of Higher Education and Research,Tamil Nadu,Section-III,Deemed to be Universities,https://maher.ac.in
Mewar University,Rajasthan,2(f) & 12(B),Private,https://www.mewaruniversity.org
MGM Institute of Health Sciences,Maharashtra,Section-III,Deemed to be Universities,https://www.mgmuhs.com
MGM University,Maharashtra,2(f),Private,https://mgmu.ac.in
Mind Power University,Uttarakhand,2(f),Private,https://www.mindpoweruniversity.in
MIT Art Design and Technology University,Maharashtra,2(f),Private,https://www.mituniversity.edu.in
"MIT Vishwaprayag University, Solapur",Maharashtra,2(f),Private,https://www.mitvpu.ac.in
Mizoram University,Mizoram,2(f) & 12(B),Central,https://mzu.edu.in
MNR University,Telangana,2(f),Private,https://mnrindia.org
Mody University of Science & Technology,Rajasthan,2(f) & 12(B),Private,https://www.modyuniversity.ac.in
Mohammad Ali Jauhar University,Uttar Pradesh,2(f),Private,https://www.jauharuniversity.edu.in
Mohan Babu University,Andhra Pradesh,2(f),Private,https://www.mbu.asia
Mohanlal Sukhadia University,Rajasthan,2(f) & 12(B),State,https://www.mlsu.ac.in
Monad University,Uttar Pradesh,2(f),Private,https://www.monad.edu.in
Monark University,Gujarat,2(f),Private,https://monarkuni.ac.in
Morarji Desai National Institute of Yoga,Delhi,Section-III,Deemed to be Universities,https://www.yogamdniy.nic.in
Mother Teresa Women's University,Tamil Nadu,2(f) & 12(B),State,https://www.motherteresawomenuniv.ac.in
Motherhood University,Uttarakhand,2(f),Private,https://www.motherhooduniversity.edu.in
Mumbai University,Maharashtra,2(f) & 12(B),State,https://www.mu.ac.in
Munger University,Bihar,2(f),State,https://www.mungeruniversity.ac.in
Mysore University,Karnataka,2(f) & 12(B),State,https://www.uni-mysore.ac.in
Nagaland University,Nagaland,2(f) & 12(B),Central,https://nagalanduniversity.ac.in
Nalanda Open University,Bihar,2(f),State,https://www.nalandaopenuniversity.com
Nalanda University,Bihar,2(f) & 12(B),Central,https://nalandauniv.edu.in
Nanaji Deshmukh Pashu Chikitsa Vigyan Vishwavidyalaya,Madhya Pradesh,2(f),State,https://www.ndvsu.org
Narsee Monjee Institute of Management Studies,Maharashtra,Section-III & 12(B),Deemed to be Universities,https://www.nmims.edu
National Academy of Legal Studies & Research University,Telangana,2(f) & 12(B),State,https://nalsar.ac.in
National Brain Research Centre,Haryana,Section-III,Deemed to be Universities,https://www.nbrc.ac.in
National Dairy Research Institute,Haryana,Section-III,Deemed to be Universities,https://ndri.res.in
National Institute of Advanced Manufacturing Technology (NIAMT),Jharkhand,Section-III,Deemed to be Universities,https://niamt.ac.in
National Institute of Ayurveda,Rajasthan,Section-III,Deemed to be Universities,https://www.nia.nic.in
National Institute of Educational Planning and Administration (NIEPA),Delhi,Section-III,Deemed to be Universities,https://www.niepa.ac.in
National Institute of Electronics and Information Technology (NIELIT),Punjab,Section-III,Deemed to be Universities,https://www.nielit.gov.in/chandigarh/index.php
National Institute of Technical Teachers Training & Research (NITTTR),Chandigarh,Section-III,Deemed to be Universities,https://www.nitttrchd.ac.in
National Institute of Technical Teachers Training & Research (NITTTR),Madhya Pradesh,Section-III,Deemed to be Universities,https://nitttrbpl.ac.in/c
National Institute of Technical Teachers Training & Research (NITTTR),Tamil Nadu,Section-III,Deemed to be Universities,https://www.nitttrc.ac.in
National Institute of Technical Teachers Training & Research (NITTTR),West Bengal,Section-III,Deemed to be Universities,https://www.nitttrkol.ac.in
National Law Institute University,Madhya Pradesh,2(f) & 12(B),State,https://www.nliu.ac.in
National law School of India University,Karnataka,2(f) & 12(B),State,https://www.nls.ac.in
National Law University,Rajasthan,2(f) & 12(B),State,https://www.nlujodhpur.ac.in
National Law University,Delhi,2(f) & 12(B),State,https://nludelhi.ac.in
National Law University,Odisha,2(f) & 12(B),State,https://www.nluo.ac.in
National Law University and Judicial Academy,Assam,2(f) & 12(B),State,https://www.nluassam.ac.in
National Law University Tripura,Tripura,2(f),State,https://www.nlutripura.ac.in
National Sanskrit University( previously Rashtriya Sanskrit Vidyapeeth),Andhra Pradesh,2(f) & 12(B),Central,https://nsktu.ac.in
National Sports University,Manipur,2(f) & 12(B),Central,https://www.nsu.ac.in
National University of Advanced Legal Studies (NUALS),Kerala,2(f) & 12(B),State,https://www.nuals.ac.in
National University of Study & Research in Law,Jharkhand,2(f),State,https://nusrlranchi.com
Nava Nalanda Mahavihara,Bihar,Section-III,Deemed to be Universities,https://www.nnm.ac.in
Navrachana University,Gujarat,2(f),Private,https://www.nuv.ac.in
Navsari Agriculture University,Gujarat,2(f),State,https://nau.in
Nayanta University,Maharashtra,2(f),Private,https://nayanta.org
Nehru Gram Bharati,Uttar Pradesh,Section-III,Deemed to be Universities,https://www.ngbv.ac.in
Netaji Shubhash Open University,West Bengal,2(f) & 12(B),State,https://www.wbnsou.ac.in
Netaji Subhas University of Technology,Delhi,2(f) & 12(B),State,https://www.nsut.ac.in
Netaji Subhash Chandra Bose Institute of Higher Learning,Andaman and Nicobar Islands,Section-III,Deemed to be Universities,https://nan
NICMAR University,Maharashtra,2(f),Private,https://nicmar.ac.in
NICMAR University of Construction Studies,Telangana,2(f),Private,https://www.nicmar.ac.in
NIILM University,Haryana,2(f),Private,https://www.niilmuniversity.in
NIIT University,Rajasthan,2(f),Private,https://www.niituniversity.in
Nilamber-Pitamber University,Jharkhand,2(f),State,https://www.npu.ac.in
NIMS University,Rajasthan,2(f),Private,https://www.nimsuniversity.org
Nirma University,Gujarat,2(f),Private,https://www.nirmauni.ac.in
Nirwan University,Rajasthan,2(f),Private,https://www.nirwanuniversity.ac.in
NIST University,Odisha,2(f),Private,https://www.nist.edu
NITTE,Karnataka,Section-III & 12(B),Deemed to be Universities,https://www.nitte.edu.in
Nizam's Institute of Medical Sciences,Telangana,2(f),State,https://www.nims.edu.in
Noble University,Gujarat,2(f),Private,https://nobleuniversity.ac.in
Noida International University,Uttar Pradesh,2(f),Private,https://niu.edu.in
Noorul Islam Centre for Higher Education,Tamil Nadu,Section-III,Deemed to be Universities,https://www.niuniv.com
North East Frontier Technical University,Arunachal Pradesh,2(f),Private,https://www.neftu.edu.in
North Eastern Hill University,Meghalaya,2(f) & 12(B),Central,https://www.nehu.ac.in
North Eastern Regional Institute of Science & Technology,Arunachal Pradesh,Section-III,Deemed to be Universities,https://www.nerist.ac.in
Nrupathunga University,Karnataka,2(f),State,https://www.nrupathungauniversityblr.ac.in/index.php
O.P. Jindal University,Chhattisgarh,2(f),Private,https://www.opju.ac.in
Odia University,Odisha,2(f),State,https://odiauniversity.ac.in
Odisha State Open University,Odisha,2(f),State,https://www.osou.ac.in
Odisha University Of Agriculture & Technology,Odisha,2(f) & 12(B),State,https://ouat.ac.in
Odisha University of Health Sciences,Odisha,2(f),State,https://www.ouhs.ac.in
Odisha University of Technology and Research,Odisha,2(f),State,https://www.cet.edu.in
Om Sterling Global University,Haryana,2(f),Private,https://www.osgu.ac.in
OPJS University,Rajasthan,2(f),Private,https://www.opjsuniversity.edu.in
Oriental University,Madhya Pradesh,2(f),Private,https://www.orientaluniversity.in
Osmania University,Telangana,2(f) & 12(B),State,https://www.osmania.ac.in
P. P. Savani University,Gujarat,2(f),Private,https://www.ppsu.ac.in
P. V. Narsimha Rao Telangana Veterinary University,Telangana,2(f),State,https://www.tsvu.nic.in
P.K. University,Madhya Pradesh,2(f),Private,https://pkuniversity.edu.in
Pacific Academy of Higher Education  & Research (PAHER),Rajasthan,2(f),Private,https://nan
Palamuru University,Telangana,2(f),State,https://www.palamuruuniversity.ac.in
Pandit Deendayal Energy University (Formerly Pandit Deendayal Petroleum University),Gujarat,Category-I,Private,https://www.pdpu.ac.in
Pandit Deendayal Upadhyaya Shekhawati University,Rajasthan,2(f),State,https://shekhauni.ac.in
Pandit S N Shukla University,Madhya Pradesh,2(f) & 12(B),State,https://ptsnsuniversity.ac.in
Pandit Sundarlal Sharma (Open) University,Chhattisgarh,2(f),State,https://www.pssou.ac.in
Panjab University,Chandigarh,2(f) & 12(B),State,https://www.puchd.ac.in
Parul University,Gujarat,Category-I,Private,https://www.paruluniversity.ac.in
Patliputra University,Bihar,2(f),State,https://www.ppup.ac.in
Patna University,Bihar,2(f) & 12(B),State,https://www.patnauniversity.ac.in
PDM University,Haryana,2(f),Private,https://www.pdm.ac.in
People's University,Madhya Pradesh,2(f),Private,https://www.peoplesuniversity.edu.in
Periyar Maniammai Institute of Science & Technology (PMIST),Tamil Nadu,Section-III,Deemed to be Universities,https://www.pmu.edu
Periyar University,Tamil Nadu,2(f) & 12(B),State,https://periyaruniversity.ac.in
PES University,Karnataka,2(f),Private,https://www.pes.edu
Pimpri Chinchwad University,Maharashtra,2(f),Private,https://pcu.edu.in
Plaksha University,Punjab,2(f),Private,https://plaksha.edu.in/
Plastindia International University,Gujarat,2(f),Private,https://www.plastindia.edu.in
Pondicherry University,Puducherry,2(f) & 12(B),Central,https://www.pondiuni.edu.in
Ponnaiyah Ramajayam Institute of Science & Technology (PRIST),Tamil Nadu,Section-III,Deemed to be Universities,https://www.prist.ac.in
Poornima University,Rajasthan,2(f) & 12(B),Private,https://www.poornima.edu.in
Potti Sreeramulu Telugu University,Telangana,2(f) & 12(B),State,https://teluguuniversity.ac.in
Pragjyotishpur University,Assam,2(f),Private,https://pju.edu.in
Pratap University,Rajasthan,2(f),Private,https://www.pratap.edu.in
Pravara Institute of Medical Sciences,Maharashtra,Section-III,Deemed to be Universities,https://www.pravara.com
Presidency  University,Karnataka,2(f),Private,https://presidencyuniversity.in
Presidency University,West Bengal,2(f) & 12(B),State,https://www.presiuniv.ac.in
Prestige University,Madhya Pradesh,2(f),Private,https://prestigeuniversity.edu.in
Prof. Rajendra Singh (Rajju Bhaiya) University (Formerly Allahabad State University),Uttar Pradesh,2(f),State,https://prsuniv.ac.in
Professor Jayashankar Telangana State Agricultural University,Telangana,2(f) & 12(B),State,https://www.pjtsau.edu.in
Pt. Bhagwat Dayal Sharma University of Health Sciences,Haryana,2(f) & 12(B),State,https://'www.uhsr.ac.in
Pt. Ravishankar Shukla University,Chhattisgarh,2(f) & 12(B),State,https://www.prsu.ac.in
Puducherry Technological University,Puducherry,2(f),State,https://www.ptuniv.edu.in
Punjab Agriculture University,Punjab,2(f) & 12(B),State,https://www.pau.edu
Punjab Engineering College,Chandigarh,Section-III,Deemed to be Universities,https://pec.ac.in
Punjabi University,Punjab,2(f) & 12(B),State,https://www.punjabiuniversity.ac.in
Punyashlok Ahilyadevi Holkar Solapur University,Maharashtra,2(f) & 12(B),State,https://su.digitaluniversity.ac
Purnea University,Bihar,2(f),State,https://www.purneauniversity.ac.in
Quantum University,Uttarakhand,2(f),Private,https://quantumuniversity.edu.in
R.N.B. Global University,Rajasthan,2(f),Private,https://www.rnbglobal.edu.in
Rabindra Bharati University,West Bengal,2(f) & 12(B),State,https://www.rbu.ac.in
Rabindranath Tagore University,Assam,2(f),State,https://www.rtuassam.ac.in
Rabindranath Tagore University (formerly known as AISECT University),Madhya Pradesh,2(f),Private,https://www.aisectuniversity.ac.in
Radha Govind University,Jharkhand,2(f),Private,https://rguniversity.org
Raffles University,Rajasthan,2(f),Private,https://www.rafflesuniversity.edu.in
Rai Technology University,Karnataka,2(f),Private,https://raitechuniversity.in
Rai University,Gujarat,2(f),Private,https://www.raiuniversity.edu
Raiganj University,West Bengal,2(f) & 12(B),State,https://raiganjuniversity.ac.in
Raj Rishi Bhartrihari Matsya University,Rajasthan,2(f),State,https://www.rrbmuniv.ac.in
Raja Mahendra Pratap Singh State University,Uttar Pradesh,2(f),State,https://rmpssu.ac.in
Raja Mansingh Tomar Music & Arts University,Madhya Pradesh,2(f),State,https://rmtmusicandartsuniversity.com
"Raja Shankar Shah University, Chhindwara",Madhya Pradesh,2(f),State,https://cuc.ac.in
Rajasthan Technical University,Rajasthan,2(f),State,https://www.rtu.ac.in
Rajasthan University,Rajasthan,2(f) & 12(B),State,https://www.uniraj.ernet.in
Rajasthan University of Health Sciences,Rajasthan,2(f) & 12(B),State,https://www.ruhsraj.org
Rajasthan University of Veterinary & Animal Sciences,Rajasthan,2(f) & 12(B),State,https://rajuvas.org
Rajendra University,Odisha,2(f),State,https://rajendrauniversity.ac.in
Rajiv Gandhi National Aviation University,Uttar Pradesh,2(f) & 12(B),Central,https://www.rgnau.ac.in
Rajiv Gandhi Prodoyogiki Vishwavidyalaya,Madhya Pradesh,2(f) & 12(B),State,https://www.rgtu.ac.in
Rajiv Gandhi University,Arunachal Pradesh,2(f) & 12(B),Central,https://www.rgu.ac.in
Rajiv Gandhi University of Health Science,Karnataka,2(f),State,https://www.rguhs.ac.in
Rajiv Gandhi University of Knowledge Technologies,Andhra Pradesh,2(f),State,https://www.rgukt.in
Rajiv Gandhi University of Knowledge Technology,Telangana,2(f) & 12(B),State,https://www.rgukt.in
Rajju Shroff Rofel University (RSRU),Gujarat,2(f),Private,https://rsru.edu.in
Ram Krishna Dharmarth Foundation (RKDF) University,Jharkhand,2(f),Private,https://www.rkdfuniversity.org
Rama Devi Women's University,Odisha,2(f) & 12(B),State,https://rdwu.ac.in
Rama University,Uttar Pradesh,2(f),Private,https://ramauniversity.ac.in
Ramakrishna Mission Vivekananda Educational  and Research Institute,West Bengal,Section-III & 12(B),Deemed to be Universities,https://www.rkmvu.ac.in
Ramdeobaba University,Maharashtra,2(f),Private,https://www.rbunagpur.in
Ranchi University,Jharkhand,2(f) & 12(B),State,https://www.ranchiuniversity.ac.in
Rani Awantibai Lodhi Vishwavidyalaya,Madhya Pradesh,2(f),State,https://ralvv.mponline.gov.in
Rani Channamma University,Karnataka,2(f) & 12(B),State,https://www.rcub.ac.in
Rani Durgavati Vishwavidyalaya,Madhya Pradesh,2(f) & 12(B),State,https://www.rdunijbpin.org
Rani Lakshmi Bai Central Agricultural University,Uttar Pradesh,2(f) & 12(B),Central,https://rlbcau.ac.in
Rani Rashmoni Green University(formerly West Bengal Green University.),West Bengal,2(f),State,https://rrgu.org
Ras Bihari Bose Subharti university,Uttarakhand,2(f),Private,https://rbbsu.edu.in
Rashtrasant Tukadoji Maharaj Nagpur University,Maharashtra,2(f) & 12(B),State,https://nagpuruniversity.ac.in
Ravenshaw University,Odisha,2(f) & 12(B),State,https://ravenshawuniversity.ac.in
Rayalaseema University,Andhra Pradesh,2(f) & 12(B),State,https://www.rayalaseemauniversity.ac.in
Rayat Bahra University,Punjab,2(f),Private,https://www.rayatbahrauniversity.edu.in
Renaissance University,Madhya Pradesh,2(f),Private,https://renaissance.ac.in
Reva University,Karnataka,2(f),Private,https://www.reva.edu.in
RIMT University,Punjab,2(f),Private,https://www.rimt.ac.in
Rishihood University,Haryana,2(f),Private,https://www.rishihood.edu.in
RK University,Gujarat,2(f),Private,https://www.rku.ac.in
RKDF University,Madhya Pradesh,2(f),Private,https://www.rkdf.ac.in
RV University,Karnataka,2(f),Private,https://rvu.edu.in
S. K. S. International University,Uttar Pradesh,2(f),Private,https://sksinternationaluniversity.ac.in
S.R.M Institute of Science and Technology,Tamil Nadu,Section-III & 12(B),Deemed to be Universities,https://www.srmist.edu.in
Sabarmati University,Gujarat,2(f),Private,https://www.sabarmatiuniversity.edu.in
Sage University,Madhya Pradesh,2(f),Private,https://sageuniversity.in
Sai Nath University,Jharkhand,2(f),Private,https:// www.sainathuniversity.com
Sai Tirupati University,Rajasthan,2(f),Private,https://www.saitirupatiuniversity.ac.in
Sai University,Tamil Nadu,2(f),Private,https://saiuniversity.edu.in
SAM Global University,Madhya Pradesh,2(f),Private,https://www.samglobaluniversity.ac.in
"Sam Higginbottom Institute of Agriculture, Technology & Sciences",Uttar Pradesh,Section-III,Deemed to be Universities,https://www.shiats.edu.in
Sambalpur University,Odisha,2(f) & 12(B),State,https://www.suniv.ac.in
Sammakka Sarakka Central Tribal University,Telangana,2(f) & 12(B),Central,https://ssctu.ac.in
Sampurnanand Sanskrit Vishwavidyalaya,Uttar Pradesh,2(f) & 12(B),State,https://www.ssvv.ac.in
Sanchi University of Buddhist-Indic Studies,Madhya Pradesh,2(f) & 12(B),State,https://www.sanchiuniv.edu.in
Sandip University,Maharashtra,2(f) & 12(B),Private,https://www.sandipuniversity.edu.in
Sandip University,Bihar,2(f),Private,https://www.sandipuniversity.edu.in/sijoul/index.php
Sangam University,Rajasthan,2(f),Private,https://sangamuniversity.ac.in
Sanjay Ghodawat University,Maharashtra,2(f),Private,https://www.sanjayghodawatuniversity.ac.in
Sanjivani University,Maharashtra,2(f),Private,https://sanjivani.edu.in
Sankalchand Patel University,Gujarat,2(f),Private,https://www.spu.ac.in
Sanskaram University,Haryana,2(f),Private,https://sanskaramuniversity.in
Sanskriti University,Uttar Pradesh,2(f),Private,https://www.sanskriti.edu.in
Sant Baba Bhag Singh University,Punjab,2(f),Private,https://www.sbbsuniversity.ac.in
Sant Gadge Baba Amravati University,Maharashtra,2(f) & 12(B),State,https://www.sgbau.ac.in
Sant Gahira Guru Vishwavidyalaya (formerly Sarguja University),Chhattisgarh,2(f),State,https://www.sggcg.in
Sant Longowal Institute of Engineering and Technology,Punjab,Section-III,Deemed to be Universities,https://sliet.ac.in
Santosh,Uttar Pradesh,Section-III,Deemed to be Universities,https://santosh.ac.in
Sapthagiri NPS University,Karnataka,2(f),Private,https://snpsu.edu.in
Sardar Beant Singh State University,Punjab,2(f),State,https://www.sbssugsp.ac.in
Sardar Bhagwan Singh University,Uttarakhand,2(f),Private,https://sbsuniversity.edu.in
Sardar Krushinagar Dantiwada Agricultural University,Gujarat,2(f),State,https://www.sdau.edu.in
Sardar Patel University,Madhya Pradesh,2(f),Private,https://spubgt.ac.in
Sardar Patel University,Gujarat,2(f) & 12(B),State,https://www.spuvvn.edu
"Sardar Patel University of Police, Security & Criminal Justice",Rajasthan,2(f),State,https://www.policeuniversity.ac.in
Sardar Vallabh Bhai Patel University of Agriculture & Technology,Uttar Pradesh,2(f),State,https://www.svbpmeerut.ac.in
Sardar Vallabhbhai Global University,Gujarat,2(f),Private,https://svgu.ac.in
Sarla Birla University,Jharkhand,2(f),Private,https://sbu.ac.in
Saroj International University,Uttar Pradesh,2(f),Private,https://sarojuniversity.edu.in
Sarvajanik University,Gujarat,2(f),Private,https://sarvajanikuniversity.ac.in
Sarvepalli Radhakrishnan University,Madhya Pradesh,2(f),Private,https://www.srku.edu.in
Satavahana University,Telangana,2(f),State,https://www.satavahana.ac.in
Sathyabama Institute of Science and Technology,Tamil Nadu,Section-III & 12(B),Deemed to be Universities,https://www.sathyabama.ac.in
Saurashtra University,Gujarat,2(f) & 12(B),State,https://www.saurashtrauniversity.edu
Saveetha Amaravati University,Andhra Pradesh,2(f),Private,https://sauniv.in
Saveetha Institute of Medical and Technical Sciences,Tamil Nadu,Section-III & 12(B),Deemed to be Universities,https://www.saveetha.com
Savitribai Phule Pune University,Maharashtra,2(f) & 12(B),State,https://www.unipune.ac.in
Scope Global Skills University,Madhya Pradesh,2(f),Private,https://sgsuniversity.ac.in
SDGI Global University,Uttar Pradesh,2(f),Private,https://www.sgu.edu.in
Seacom Skills University,West Bengal,2(f),Private,https://www.seacomskillsuniversity.org/seacomweb/index.php
Shaheed Bhagat Singh State University,Punjab,2(f),State,https://sbssu.ac.in
Shaheed Mahendra Karma Vishvidyalaya,Chhattisgarh,2(f),State,https://www.bvvjdp.ac.in
Shaheed Nandkumar Patel Vishwavidyalaya,Chhattisgarh,2(f),State,https://snpv.ac.in
Shanmugha Arts Science Technology & Research Academy (SASTRA),Tamil Nadu,Section-III & 12(B),Deemed to be Universities,https://www.sastra.edu
Sharda University,Uttar Pradesh,2(f),Private,https://www.sharda.ac.in
Sharda University Agra,Uttar Pradesh,2(f),Private,https://www.agra.sharda.ac.in
Sher-e-Kashmir University of Agricultural Science & Technology,Jammu and Kashmir,2(f) & 12(B),State,https://www.skuastkashmir.ac.in
Shiv Nadar University,Tamil Nadu,2(f),Private,https://www.snuchennai.edu.in
Shivaji University,Maharashtra,2(f) & 12(B),State,https://www.unishivaji.ac.in
Shobhit Institute of Engineering & Technology,Uttar Pradesh,Section-III,Deemed to be Universities,https://www.shobhituniversity.ac.in
Shobhit University,Uttar Pradesh,2(f),Private,https://www.sug.ac.in
Shoolini University of Biotechnology and Management Sciences,Himachal Pradesh,2(f),Private,https://www.shooliniuniversity.com
Shree Guru Gobind Singh Tricentenary University,Haryana,2(f) & 12(B),Private,https://sgtuniversity.ac.in
Shree Sankaracharaya University of Sanskrit,Kerala,2(f) & 12(B),State,https://www.ssus.ac.in
Shree Somnath Sanskrit University,Gujarat,2(f) & 12(B),State,https://sssu.ac.in
Shreyarth University,Gujarat,2(f),Private,https://shreyarthuni.ac.in
Shri Davara University,Chhattisgarh,2(f),Private,https://shridavarauniversity.com
Shri Dharmasthala Manjunatheshwara University,Karnataka,2(f),Private,https://sdmuniversity.edu.in
Shri Govind Guru University,Gujarat,2(f),State,https://sggu.ac.in
Shri Jagannath Sanskrit Vishwavidyalaya,Odisha,2(f) & 12(B),State,https://www.sjsv.nic.in
Shri Jagdish Prasad Jhabarmal Tibrewala University,Rajasthan,2(f),Private,https://jjtu.ac.in
Shri Khushal Das University,Rajasthan,2(f),Private,https://www.skduniversity.com
Shri Krishna University,Madhya Pradesh,2(f),Private,https://www.skuindia.com
Shri Lal Bahadur Shastri National Sanskrit University,Delhi,2(f) & 12(B),Central,https://www.slbsrsv.ac.in
Shri Mata Vaishno Devi University,Jammu and Kashmir,2(f) & 12(B),State,https://www.smvdu.net.in
"Shri Ramasamy Memorial University, Sikkim",Sikkim,2(f),Private,https://www.srmus.ac.in
Shri Ramswaroop Memorial University,Uttar Pradesh,2(f),Private,https://www.srmu.ac.in
Shri Rawatpura Sarkar University,Chhattisgarh,2(f) & 12(B),Private,https://www.sruraipur.ac.in
Shri Shankaracharya Professional University,Chhattisgarh,2(f),Private,https://www.shrishankaracharyauniversity.com
Shri Vaishnav Vidyapeeth Vishwavidyalaya,Madhya Pradesh,2(f),Private,https://www.svvv.edu.in
Shri Venkateshwara University,Uttar Pradesh,2(f),Private,https://www.svu.edu.in
Shridhar University,Rajasthan,2(f),Private,https://www.shridharuniversity.ac.in
Shyam University,Rajasthan,2(f),Private,https://shyamuniversity.in
Sibsagar University,Assam,2(f),State,https://sibsagaruniversity.ac.in
Siddharth University,Uttar Pradesh,2(f),State,https://www.suksn.edu.in
Siddhartha Academy of Higher Education,Andhra Pradesh,Section-III,Deemed to be Universities,https://www.vrsiddhartha.ac.in
Sidho-Kanho-Birsha University,West Bengal,2(f) & 12(B),State,https://www.skbu.ac.in
Sido Kanhu Murmu University,Jharkhand,2(f) & 12(B),State,https://skmu.ac.in
Sigma University,Gujarat,2(f),Private,https://sigmauniversity.ac.in
Sikkim Alpine University (Formerly EIILM University),Sikkim,2(f),Private,https://sikkimalpineuniversity.edu.in
Sikkim Global Technical University,Sikkim,2(f),Private,https://www.sikkimglobaltechnicaluniversity.co.in
Sikkim Manipal University,Sikkim,2(f),Private,https://www.smu.edu.in
Sikkim Professional University (Formerly Vinayaka Missions Sikkim University),Sikkim,2(f),Private,https://www.spu.ac
Sikkim Skill University,Sikkim,2(f),Private,https://www.sikkimskilluniversity.ac.in
Sikkim University,Sikkim,2(f) & 12(B),Central,https://cus.ac.in
Siksha 'O' Anusandhan,Odisha,Section-III & 12(B),Deemed to be Universities,https://www.soa.ac.in
Silicon University,Odisha,2(f),Private,https://silicon.ac.in
Silver Oak University,Gujarat,2(f),Private,https://www.silveroakuni.ac.in
Sindhu Central University,Ladakh,2(f) & 12(B),Central,https://sindhucu.ac.in
Singhania University,Rajasthan,2(f),Private,https://www.singhaniauniversity.co.in
"Sir J.J.School of  Art, Architecture & Design, Mumbai",Maharashtra,Section-III,Deemed to be Universities,https://www.sirjjschoolofart.in
Sir Padmapat Singhania University,Rajasthan,2(f),Private,https://www.spsu.ac.in
Sister Nivedita University,West Bengal,2(f),Private,https://snuniv.ac.in
Smt. Manjira Devi University,Uttarakhand,2(f),Private,https://www.smdu.edu.in
Smt. Nathibai Damodar Thackersey Women's University,Maharashtra,2(f) & 12(B),State,https://www.sndt.ac.in
Somaiya Vidyavihar University,Maharashtra,2(f),Private,https://www.somaiya.edu/en
Sona Devi University,Jharkhand,2(f),Private,https://sonadeviuniversity.com
South Asian University,Delhi,2(f) & 12(B),Central,https://sau.int
Sparsh Himalaya University,Uttarakhand,2(f),Private,https://himalayiyauniversity.in
Spicer Adventist University,Maharashtra,2(f),Private,https://www.sau.edu.in
Sports University of Haryana,Haryana,2(f),State,https://suoh.in
Sreenidhi University,Telangana,2(f),Private,https://suh.edu.in
Sri Aurobindo University,Madhya Pradesh,2(f),Private,https://www.sriaurobindouniversity.edu.in
"Sri Balaji University, Pune",Maharashtra,2(f),Private,https://www.sbup.edu.in
Sri Balaji Vidyapeeth,Puducherry,Section-III & 12(B),Deemed to be Universities,https://www.sbvu.ac.in
Sri Chandrasekharendra Saraswathi Viswa Mahavidyalaya,Tamil Nadu,Section-III,Deemed to be Universities,https://kanchiuniv.ac.in
Sri Dev Suman Uttarakhand Vishwavidyalaya,Uttarakhand,2(f),State,https://sdsuv.ac.in
Sri Devraj Urs Academy of Higher Education and Research,Karnataka,Section-III,Deemed to be Universities,https://www.sduu.ac.in
Sri Guru Granth Sahib World University,Punjab,2(f),Private,https://www.sggswu.edu.in
Sri Guru Ram Das University of Health Sciences,Punjab,2(f),Private,https://www.sgrduhs.in
Sri Konda Laxman Telangana State Horticultural University,Telangana,2(f),State,https://skltshu.ac.in
Sri krishnadevaraya University,Andhra Pradesh,2(f) & 12(B),State,https://skuniversity.ac.in
Sri Padmavati Mahila Vishwavidyalayam,Andhra Pradesh,2(f) & 12(B),State,https://www.spmvv.ac.in
Sri Ramachandra Institute of Higher Education and Research,Tamil Nadu,Section-III & 12(B),Deemed to be Universities,https://www.sriramachandra.edu.in
Sri Sai University,Himachal Pradesh,2(f),Private,https://www.srisaiuniversity.org
Sri Sathya Sai Institute of Higher Learning,Andhra Pradesh,Section-III & 12(B),Deemed to be Universities,https://www.sssihl.edu.in
Sri Satya Sai University of Technology & Medical Sciences,Madhya Pradesh,2(f) & 12(B),Private,https://sssutms.co.in
Sri Siddhartha Academy of Higher Education,Karnataka,Section-III,Deemed to be Universities,https://www.sahetumkur.ac.in
Sri Sri Aniruddhdeva Sports University,Assam,2(f),State,https://www.sasu.ac.in
Sri Sri University,Odisha,2(f) & 12(B),Private,https://srisriuniversity.edu.in
Sri Venkateswara Institute of Medical Sciences,Andhra Pradesh,2(f) & 12(B),State,https://svimstpt.ap.nic.in
Sri Venkateswara University,Andhra Pradesh,2(f) & 12(B),State,https://svuniversity.edu.in
Sri Venkateswara Vedic University,Andhra Pradesh,2(f),State,https://www.svvedicuniversity.ac.in
Sri Venkateswara Veterinary University,Andhra Pradesh,2(f) & 12(B),State,https://www.svvu.edu.in
Srimanta Sankaradeva University of Health Sciences,Assam,2(f),State,https://ssuhs.in
Srinivas University,Karnataka,2(f),Private,https:// www.srinivasuniversity.edu.in
SRM University,Andhra Pradesh,2(f),Private,https://srmap.edu.in
SRM University,Haryana,2(f),Private,https://www.srmuniversity.ac.in
St. Aloysius,Karnataka,Section-III,Deemed to be Universities,https://www.staloysius.edu.in
St. Joseph University,Nagaland,2(f),Private,https://www.stjosephuniv.edu.in
St. Joseph's University,Karnataka,2(f),Private,https://sju.edu.in
St. Peters Institute of Higher Education and Research,Tamil Nadu,Section-III,Deemed to be Universities,https://www.spiher.ac.in
"St. Xavier's University, Kolkata",West Bengal,2(f),Private,https://sxuk.edu.in/default.htm
Starex University,Haryana,2(f),Private,https://www.starexuniversity.com
Sumandeep Vidyapeeth,Gujarat,Section-III,Deemed to be Universities,https://www.sumandeepvidyapeethdu.edu.in
Surendranagar University,Gujarat,2(f),Private,https://suni.ac.in
Suresh Gyan Vihar University,Rajasthan,2(f),Private,https://www.gyanvihar.org
Sushant University (Formerly Ansal University),Haryana,2(f),Private,https://sushantuniversity.edu.in
Swami Keshwanand Rajasthan Agricultural University,Rajasthan,2(f),State,https://www.raubikaner.org
Swami Rama Himalayan University,Uttarakhand,2(f),Private,https://www.srhu.edu.in
Swami Ramanand Teerth Marathwada University,Maharashtra,2(f) & 12(B),State,https://www.srtmun.org
Swami Vivekanand University,Madhya Pradesh,2(f),Private,https://www.svnuniversity.co.in
Swami Vivekananda Subharti University,Uttar Pradesh,2(f),Private,https://subharti.org
Swami Vivekananda University,West Bengal,2(f),Private,https://www.swamivivekanandauniversity.ac.in
Swami Vivekananda Yoga Anusandhana Samsthana,Karnataka,Section-III & 12(B),Deemed to be Universities,https://svyasa.edu.in
Swarnim Gujarat Sports University,Gujarat,2(f),State,https://sgsu.gujarat.gov.in
Swarnim Startup & Innovation University,Gujarat,2(f),Private,https://www.swarrnim.edu.in
Symbiosis International University,Maharashtra,Section-III & 12(B),Deemed to be Universities,https://www.siu.edu.in
Symbiosis Skills and Professional University (Formerly Symbiosis Skill and Open University),Maharashtra,2(f),Private,https://www.sspu.ac.in
Symbiosis University of Applied Sciences (SUAS),Madhya Pradesh,2(f),Private,https://www.suas.ac.in
T. S. Mishra University,Uttar Pradesh,2(f),Private,https://tsm.edu.in
T.M. Bhagalpur University,Bihar,2(f) & 12(B),State,https://www.tmbu.org
Tamil Nadu Fisheries University,Tamil Nadu,2(f) & 12(B),State,https://www.tnfu.org.in/university/wp
Tamil Nadu Open University,Tamil Nadu,2(f) & 12(B),State,https://www.tnou.ac.in
Tamil Nadu Physical Education and Sports University,Tamil Nadu,2(f),State,https://www.tnpesu.org
Tamil Nadu Teacher Education University,Tamil Nadu,2(f) & 12(B),State,https://tnteu.ac.in
Tamil University,Tamil Nadu,2(f) & 12(B),State,https://www.tamiluniversity.ac.in
Tamilnadu Agricultural University,Tamil Nadu,2(f) & 12(B),State,https://www.tnau.ac.in
Tamilnadu Dr. Ambedkar Law University,Tamil Nadu,2(f) & 12(B),State,https://www.tndalu.ac.in
Tamilnadu Dr. M.G.R.Medical University,Tamil Nadu,2(f) & 12(B),State,https://www.tnmgrmu.ac.in
Tamilnadu National Law University,Tamil Nadu,2(f) & 12(B),State,https://tnnlu.ac.in
Tamilnadu Veterinary & Animal Sciences University,Tamil Nadu,2(f) & 12(B),State,https://www.tanuvas.ac.in
Tantia University,Rajasthan,2(f),Private,https://tantiauniversity.com
Tata Institute of Fundamental Research,Maharashtra,Section-III & 12(B),Deemed to be Universities,https://www.tifr.res.in
Tata Institute of Social Sciences,Maharashtra,Section-III & 12(B),Deemed to be Universities,https://www.tiss.edu
Techno India University,West Bengal,2(f),Private,https://technoindiauniversity.ac.in
Techno India University,Tripura,2(f),Private,https://www.tiut.ac.in
Teerthanker Mahaveer University,Uttar Pradesh,2(f) & 12(B),Private,https://www.tmu.ac.in
Telangana University,Telangana,2(f) & 12(B),State,https://www.telanganauniversity.ac.in
TERI School of Advanced studies,Delhi,Section-III,Deemed to be Universities,https://www.terisas.ac.in/index.php
Tezpur University,Assam,2(f) & 12(B),Central,https://www.tezu.ernet.in
Thapar Institute of Engineering & Technology,Punjab,Section-III,Deemed to be Universities,https://www.thapar.edu
The Apollo University,Andhra Pradesh,2(f),Private,https://apollouniversity.edu.in
The Aryavart International University,Tripura,2(f),Private,https://aiuniversity.co.in
The Assam Kaziranga University,Assam,2(f),Private,https://kazirangauniversity.in
The Assam Royal Global University,Assam,2(f),Private,https://www.rgu.ac
The Bengal Engineering & Science University,West Bengal,2(f),State,https://www.becs.ac.in
The Charutar Vidya Mandal(CVM) University,Gujarat,2(f),Private,https://www.cvmu.edu.in
The Dhamma Dipa International Buddhist University,Tripura,2(f),Private,https://www.ddibu.in
The Gandhiigram Rural Institute,Tamil Nadu,Section-III & 12(B),Deemed to be Universities,https://www.ruraluniv.ac.in
The Global Open University,Nagaland,2(f),Private,https://nagaland.net.in
The Global University,Arunachal Pradesh,2(f),Private,https://www.theglobaluniversity.edu.in
The ICFAI University,Tripura,2(f),Private,https://www.iutripura.edu.in
The ICFAI University,Uttarakhand,2(f),Private,https://www.iudehradun.edu.in
The ICFAI University Sikkim,Sikkim,2(f),Private,https://www.iusikkim.edu.in
The Indira Gandhi National Tribal University,Madhya Pradesh,2(f) & 12(B),Central,https://www.igntu.ac.in
The Institute of Chartered Financial Analysts of India University,Mizoram,2(f),Private,https://www.iumizoram.edu.in
The Institute of Chartered Financial Analysts of India University,Meghalaya,2(f),Private,https://www.iumeghalaya.edu.in
The Institute of Chartered Financial Analysts of India University,Jharkhand,2(f),Private,https://www.iujharkhand.edu.in
The LNM Institute of Information Technology,Rajasthan,Section-III,Deemed to be Universities,https://www.lnmiit.ac.in
The Maharaja Bhupinder Singh Punjab Sports University,Punjab,2(f),State,https://mbspsu.ac.in/en
The National Law University of Meghalaya,Meghalaya,2(f),State,https://www.nlumeg.ac.in
The Neotia University,West Bengal,2(f),Private,https://www.tnu.in
The Northcap University ( Formerly ITM University),Haryana,2(f) & 12(B),Private,https://ncuindia.edu
The Rajiv Gandhi National University of Law,Punjab,2(f) & 12(B),State,https://www.rgnul.ac.in
The Sanskrit College and University,West Bengal,2(f),State,https://www.sanskritcollegeanduniversity.org.in
The SVKM NMIMS Global University,Maharashtra,2(f),Private,https://svkm.ac.in
The Tamil Nadu Dr.J Jayalalithaa Music and Fine Arts University,Tamil Nadu,2(f),State,https://tnjjmfau.in
The University of Trans-Disciplinary Health Sciences and Technology,Karnataka,2(f),Private,https://www.tdu.edu.in
The West Bengal National University of Juridical Science,West Bengal,2(f) & 12(B),State,https://www.nujs.edu
The West Bengal University of Health Sciences,West Bengal,2(f) & 12(B),State,https://wbuhs.ac.in
Thiruvalluvar University,Tamil Nadu,2(f) & 12(B),State,https://www.tvu.edu.in
Thunchath Ezhuthachan Malayalam University,Kerala,2(f) & 12(B),State,https://malayalamuniversity.edu.in/en
Tilak Maharashtra Vidyapeeth,Maharashtra,Section-III,Deemed to be Universities,https://www.tmv.edu.in
Tripura University,Tripura,2(f) & 12(B),Central,https://tripurauniv.ac.in
Tumkur University,Karnataka,2(f) & 12(B),State,https://www.tumkuruniversity.ac.in
U.P. Pandit Deen Dayal Upadhyaya Pashu Chikitsa Vigyan Vishwavidhyalaya Evam Go-Anusandhan Sansthan,Uttar Pradesh,2(f),State,https://www.upvetuniv.edu.in
U.P. Rajarshi Tandon Open University,Uttar Pradesh,2(f),State,https://www.uprtou.ac.in
U.P.King George's University of Dental Sciences,Uttar Pradesh,2(f),State,https://www.kgmcindia.edu
UKA Tarsadia University,Gujarat,2(f),Private,https://utu.ac.in
United University,Uttar Pradesh,2(f),Private,https://uniteduniversity.edu.in
Universal Ai University,Maharashtra,2(f),Private,https://www.universalai.in
University of Agricultural Sciences Banglore,Karnataka,2(f) & 12(B),State,https://www.uasbangalore.edu.in
University of Agricultural Sciences Dharwad,Karnataka,2(f) & 12(B),State,https://www.uasd.edu
University of Allahabad,Uttar Pradesh,2(f) & 12(B),Central,https://allduniv.ac.in
University of Delhi,Delhi,2(f) & 12(B),Central,https://www.du.ac.in
University of Engineering & Management,Rajasthan,2(f),Private,https://www.jaipur.uem.edu.in
University of Engineering and Management,West Bengal,2(f),Private,https://uem.edu.in/uem-kolkata
University of Engineering and Technology Roorkee,Uttarakhand,2(f),Private,https://coeruniversity.in
University of Gour Banga,West Bengal,2(f) & 12(B),State,https://www.ugb.ac.in
University of Horticultural Sciences,Karnataka,2(f),State,https://www.uhsbagalkot.edu.in
University of Hyderabad,Telangana,2(f) & 12(B),Central,https://www.uohyd.ac.in
University of Kota,Rajasthan,2(f) & 12(B),State,https://www.uok.ac.in
University of Ladakh,Ladakh,2(f),State,https://uol.ac.in
University of Lucknow,Uttar Pradesh,2(f) & 12(B),State,https://www.lkouniv.ac.in
University of North Bengal,West Bengal,2(f) & 12(B),State,https://www.nbu.ac.in
University of Patanjali,Uttarakhand,2(f),Private,https://patanjaliuniversity.com
University of Petroleum and Energy Studies,Uttarakhand,2(f),Private,https://www.upes.ac.in
"University of Science & Technology, Meghalaya",Meghalaya,2(f),Private,https://www.ustm.ac.in
University of Technology,Rajasthan,2(f),Private,https://www.uot.edu.in
University of Visvesvaraya College of Engineering,Karnataka,2(f),State,https://uvce.ac.in
Usha Martin University,Jharkhand,2(f),Private,https://www.umu.ac.in
Utkal University,Odisha,2(f) & 12(B),State,https://www.utkaluniversity.ac.in
Utkal University of Culture,Odisha,2(f),State,https://www.uuc.ac.in
Uttar Banga Krishi Vishwavidyalaya,West Bengal,2(f),State,https://www.ubkv.ac.in
Uttar Pradesh University of Medical Sciences,Uttar Pradesh,2(f),State,https://www.upums.ac.in
Uttarakhand Ayurved University,Uttarakhand,2(f),State,https://www.uau.ac.in
Uttarakhand Open University,Uttarakhand,2(f),State,https://www.uou.ac.in
Uttarakhand Sanskrit University,Uttarakhand,2(f),State,https://www.usvv.ac.in
Uttarakhand Technical University,Uttarakhand,2(f),State,https://www.uktech.ac.in
Uttaranchal University,Uttarakhand,2(f) & 12(B),Private,https://www.uudoon.in
Vanita Vishram Women's University,Gujarat,2(f),Private,https://vvwusurat.ac.in
Vardhman Mahaveer Open University,Rajasthan,2(f) & 12(B),State,https://www.vmou.ac.in
Varun Arjun University,Uttar Pradesh,2(f),Private,https://www.vau.edu.in
Veer Bahadur Singh Purvanchal University,Uttar Pradesh,2(f) & 12(B),State,https://www.vbspu.ac.in/index
Veer Chandra Singh Garhwali Uttarakhand University of Horticulture & Forestry,Uttarakhand,2(f),State,https://www.uuhf.ac.in
Veer Kunwar Singh University,Bihar,2(f) & 12(B),State,https://vksu.ac.in
Veer Narmad South Gujarat University,Gujarat,2(f) & 12(B),State,https://www.vnsgu.ac.in
Veer Surendra Sai Institute of Medical Science and Research,Odisha,2(f) & 12(B),State,https://www.vimsar.ac.in
Veer Surendra Sai University of Technology,Odisha,2(f) & 12(B),State,https://www.vssut.ac.in
Veeranari Chakali Ilamma Women's University,Telangana,2(f),State,https://www.oucwkoti.ac.in
Vel Tech Rangarajan Dr. Sagunthala R & D Institute of Science and Technology,Tamil Nadu,Section-III,Deemed to be Universities,https://www.veltech.edu.in
Vellore Institute of Technology,Tamil Nadu,Section-III,Deemed to be Universities,https://vit.ac.in
VELS Institute of Science Technology & Advanced Studies (VISTAS),Tamil Nadu,Section-III,Deemed to be Universities,https://www.velsuniv.ac.in
Venkateshwara Open University,Arunachal Pradesh,2(f),Private,https://www.vou.ac.in
Vesveswaraiah Technological University,Karnataka,2(f) & 12(B),State,https://www.vtu.ac.in
Vidhyadeep University,Gujarat,2(f),Private,https://www.vidhyadeepuni.ac.in
Vidya Sagar University,West Bengal,2(f) & 12(B),State,https://www.vidyasagar.ac.in
Vidya University,Uttar Pradesh,2(f),Private,https://vidya.edu.in
Vidyashilp University,Karnataka,2(f),Private,https://vidyashilp.edu.in
"Vignan's Foundation for Science, Technology and Research",Andhra Pradesh,Section-III & 12(B),Deemed to be Universities,https://vignan.ac.in
Vijayanagara Sri Krishnadevaraya University,Karnataka,2(f) & 12(B),State,https://www.vskub.ac.in
Vijaybhoomi University,Maharashtra,2(f),Private,https://vijaybhoomi.edu.in
Vikram University,Madhya Pradesh,2(f) & 12(B),State,https://vikramuniv.ac.in
Vikrama Simhapuri University,Andhra Pradesh,2(f) & 12(B),State,https://vsu.ac.in
Vinayaka Missions Research Foundation,Tamil Nadu,Section-III,Deemed to be Universities,https://vmrfdu.edu.in
Vinoba Bhave University,Jharkhand,2(f) & 12(B),State,https://www.vbu.co.in
Vishvakarma Skills University,Rajasthan,2(f),State,https://vsuraj.ac.in
Vishwakarma University,Maharashtra,2(f),Private,https://www.vupune.ac.in
Visva Bharati,West Bengal,2(f) & 12(B),Central,https://visvabharati.ac.in
VIT Bhopal University,Madhya Pradesh,2(f),Private,https://vitbhopal.ac.in
VIT-AP University,Andhra Pradesh,2(f),Private,https://vitap.ac.in
Vivek University,Uttar Pradesh,2(f),Private,https://www.vivekuniversity.ac.in
Vivekananda Global University,Rajasthan,2(f),Private,https://www.vgu.ac.in
West Bengal State University,West Bengal,2(f) & 12(B),State,https://www.wbsubregistration.org
West Bengal University of Animal and Fishery Sciences,West Bengal,2(f) & 12(B),State,https://wbuafscl.ac.in
"West Bengal University of Teachers, Training, Education Planning and Administration",West Bengal,2(f),State,https://www.wbuttepa.ac.in
William Carey University,Meghalaya,2(f),Private,https://www.williamcareyuniversity.ac.in
World University Of Design,Haryana,2(f),Private,https://worlduniversityofdesign.ac.in
Woxsen University,Telangana,2(f),Private,https://woxsen.edu.in
XIM university,Odisha,2(f) & 12(B),Private,https://xub.edu.in
Yashwant Rao Chavan Maharashtra Open University,Maharashtra,2(f) & 12(B),State,https://www.ycmou.ac.in
YBN University,Jharkhand,2(f),Private,https://ybnu.ac.in
Yenepoya,Karnataka,Section-III,Deemed to be Universities,https://yenepoya.edu.in
Yogi Vemana University,Andhra Pradesh,2(f) & 12(B),State,https://yvu.edu.in
Young India Skills University,Telangana,2(f),State,https://yisu.in
