uni_name,Zip,state,status,url,uni_type,ID
"""Kaushalya"" the Skill University",380052,Gujarat,2(f),https://kaushalyaskilluniversity.ac.in,State,1237
A.P.J. Abdul Kalam Technological University,695016,Kerala,2(f),https://ktu.edu.in,State,814
Acharaya N.G.Ranga Agricultural University,522034,Andhra Pradesh,2(f),https://angrau.ac.in,State,185
Acharya Nagarjuna University,522510,Andhra Pradesh,2(f) & 12(B),https://nagarjunauniversity.ac.in,State,186
Acharya Narendra Deva Krishi Evam Prodyogik Vishwavidyalaya,224229,Uttar Pradesh,2(f) & 12(B),https://www.nduat.org,State,333
Adikavi Nannaya University,533296,Andhra Pradesh,2(f) & 12(B),http://www.nannayauniversity.info,State,187
Agriculture University,342304,Rajasthan,2(f),https://www.aujodhpur.ac.in,State,1163
Alagappa University,630003,Tamil Nadu,2(f) & 12(B),https://www.alagappauniversity.ac.in,State,188
Aliah University,700160,West Bengal,2(f) & 12(B),http://www.aliah.ac.in,State,189
Anand Agricultural University,388001,Gujarat,2(f),http://www.aau.in,State,190
Andhra Kesari University,523225,Andhra Pradesh,2(f),http://andhrakesariuniversity.in,State,1156
Andhra Pradesh Fisheries University,521134,Andhra Pradesh,2(f),https://apfu.ap.gov.in,State,1216
Andhra University,530003,Andhra Pradesh,2(f) & 12(B),https://www.andhrauniversity.edu.in,State,192
Anna University,600025,Tamil Nadu,2(f) & 12(B),http://www.annauniv.edu,State,193
Annamalai University,608002,Tamil Nadu,2(f) & 12(B),http://www.annamalaiuniversity.ac.in,State,197
Aryabhatta Knowledge University,800001,Bihar,2(f),http://akubihar.ac.in,State,497
Assam Agricultural University,785013,Assam,2(f) & 12(B),http://www.aau.ac.in,State,198
Assam Rajiv Gandhi University of Co-operative Management,785665,Assam,2(f),https://www.argucom.ac.in,State,655
Assam Science & Technology University,781013,Assam,2(f),http://www.astu.org.in,State,672
Assam Skill University,784125,Assam,2(f),https://asu.ac.in,State,1319
Assam Women's University,785004,Assam,2(f),https://awu.ac.in,State,765
Atal Bihari Bajpayee Vishwavidyalaya (Formerly Bilaspur Vishwavidyalaya),495009,Chhattisgarh,2(f) & 12(B),https://www.bilaspuruniversity.ac.in,State,665
Atal Bihari Vajpayee Hindi Vishwavidyalaya,462038,Madhya Pradesh,2(f),http://www.abvhv.edu.in,State,667
Atal Bihari Vajpayee Medical University,226210,Uttar Pradesh,2(f),https://abvmuup.edu.in,State,1280
Atal Medical and Research University(Formerly Himachal Pradesh University of Health Sciences),175008,Himachal Pradesh,2(f),https://amruhp.ac.in,State,1068
Awadesh Pratap Singh University,486003,Madhya Pradesh,2(f) & 12(B),http://www.apsurewa.nic.in,State,199
Ayush and Health Sciences University of Chhattisgarh,493661,Chhattisgarh,2(f),http://www.cghealthuniv.com,State,557
Baba Amte Divyang University,303017,Rajasthan,2(f),https://amtedivyanguniversity.ac.in,State,1292
Baba Farid University of Health Sciences,151203,Punjab,2(f) & 12(B),http://www.bfuhs.ac.in,State,200
Baba Ghulam Shah Badshah University,185234,Jammu and Kashmir,2(f) & 12(B),https://bgsbu.ac.in,State,201
Babasaheb Bhimrao Ambedkar Bihar University ,842001,Bihar,2(f) & 12(B),http://www.brabu.net,State,202
Bagalkot University,587301,Karnataka,2(f),https://www.bgku.ac.in,State,1226
Banda University of Agriculture & Technology,210001,Uttar Pradesh,2(f),http://buat.edu.in,State,890
Bangalore University,560056,Karnataka,2(f) & 12(B),https://eng.bangaloreuniversity.ac.in,State,203
Bankura University,722155,West Bengal,2(f) & 12(B),https://bankurauniv.ac.in,State,804
Barkatullaah University,462026,Madhya Pradesh,2(f) & 12(B),http://www.bubhopal.nic.in,State,204
Bengaluru City University,560064,Karnataka,2(f),https://bcu.ac.in,State,914
Bengaluru Dr. B. R. Ambedkar School of Economics University,560072,Karnataka,2(f),https://base.ac.in,State,1041
Bengaluru North University,563103,Karnataka,2(f),https://eng.bnu.ac.in,State,911
Berhampur University,760007,Odisha,2(f) & 12(B),https://www.buodisha.edu.in,State,206
Bhagat Phool Singh Mahila Vishwavidyalaya,131305,Haryana,2(f) & 12(B),http://bpsmv.digitaluniversity.ac,State,207
Bhakta Kavi Narsinh Mehta University,362640,Gujarat,2(f) & 12(B),https://www.bknmu.edu.in,State,846
Bharathiar University,641046,Tamil Nadu,2(f) & 12(B),http://www.b-u.ac.in,State,208
Bharathidasan University,620024,Tamil Nadu,2(f) & 12(B),https://www.bdu.ac.in,State,209
Bhatkhande Sanskriti Vishwavidyalaya,226001,Uttar Pradesh,2(f),http://bhatkhandemusic.edu.in,State,159
Bhattadev University,781325,Assam,2(f),http://www.bhattadevuniversity.ac.in,State,1025
Bhupendra Narayan Mandal University,852113,Bihar,2(f) & 12(B),http://bnmu.bih.nic.in,State,211
Bidhan Chandra Krishi Vishwavidyalaya,741252,West Bengal,2(f) & 12(B),http://www.bckv.edu.in,State,212
Bihar Agricultural University,813210,Bihar,2(f),http://bausabour.ac.in,State,682
Bihar Animal Sciences University,800014,Bihar,2(f),https://www.basu.org.in,State,993
Bihar Engineering University,800001,Bihar,2(f),http://beu-bih.ac.in/BEUP/Default.aspx,State,1245
Bihar Sports University,803116,Bihar,2(f),https://biharsports.org,State,1336
Bihar University of Health Sciences,800001,Bihar,2(f),http://buhs.ac.in,State,1205
Biju Patnaik University of Technology,769015,Odisha,2(f),https://www.bput.ac.in,State,213
Bikaner Technical University,334004,Rajasthan,2(f),https://btu.ac.in,State,1005
Binod Bihari Mahto Koyalanchal University,828130,Jharkhand,2(f),https://bbmku.ac.in,State,951
Birangana Sati Sadhani Rajyik Vishwavidyalaya,785621,Assam,2(f),http://bssrv.ac.in,State,1162
Birsa Agricultural University,834006,Jharkhand,2(f) & 12(B),http://www.baujharkhand.org,State,214
Birsa Munda Tribal University,393145,Gujarat,2(f),https://comm-tribal.gujarat.gov.in,State,981
Biswa Bangla Biswabidyalay,731204,West Bengal,2(f),https://www.biswabanglabiswabidyalay.org,State,1183
Bodoland University,783370,Assam,2(f) & 12(B),https://buniv.edu.in,State,654
Bundelkhand University,284128,Uttar Pradesh,2(f) & 12(B),https://www.bujhansi.ac.in,State,215
Burdwan University,713104,West Bengal,2(f) & 12(B),https://www.buruniv.ac.in,State,216
Calcutta University,700073,West Bengal,2(f) & 12(B),http://www.caluniv.ac.in,State,217
Calicut University ,673635 ,Kerala,2(f) & 12(B),http://www.uoc.ac.in,State,218
Captain Williamson Sangma State University,794105,Meghalaya,2(f),https://Null,State,1329
Chanakya National Law University,800001,Bihar,2(f) & 12(B),http://www.cnlu.ac.in,State,220
Chandra Shekhar Azad University of Agriculture & Technology,208002,Uttar Pradesh,2(f) & 12(B),http://www.csauk.ac.in,State,221
Chaudhary Bansi Lal University,127021,Haryana,2(f) & 12(B),https://cblu.ac.in,State,810
Chaudhary Charan Singh University,200005,Uttar Pradesh,2(f) & 12(B),https://www.ccsuniversity.ac.in,State,226
Chaudhary Devi Lal University,125055,Haryana,2(f) & 12(B),http://cdlu.digitaluniversity.ac,State,223
Chaudhary Ranbir Singh University,126102,Haryana,2(f) & 12(B),http://www.crsujind.org,State,753
Chaudhary Sarwan Kumar Himachal Pradesh Krishi Vishvavidyalaya,176062,Himachal Pradesh,2(f) & 12(B),http://hillagric.ac.in:1003/cskhpau,State,264
Chhatrapati Shahu Ji Maharaj University,208024,Uttar Pradesh,2(f) & 12(B),http://csjmu.ac.in,State,222
Chhattisgarh Kamdhenu Vishwavidyalaya,491001,Chhattisgarh,2(f),http://cgkv.ac.in,State,708
Chhattisgarh Swami Vivekanad Technical Universty,490009,Chhattisgarh,2(f) & 12(B),http://www.csvtu.ac.in,State,224
Children's University,382021,Gujarat,2(f),https://www.cugujarat.ac.in,State,675
Choudhary Charan Singh Haryana Agricultural Univeersity,125004,Haryana,2(f) & 12(B),http://www.hau.ac.in,State,225
Cluster University,518007,Andhra Pradesh,2(f),https://www.cuklap.ac.in,State,1135
Cluster University of Jammu,180016,Jammu and Kashmir,2(f),https://clujammu.ac.in,State,888
Cluster University of Srinagar,190008,Jammu and Kashmir,2(f),https://www.cusrinagar.edu.in,State,934
Cochin Unviersity of Science & Technology,682022,Kerala,2(f) & 12(B),https://www.cusat.ac.in,State,227
COEP Technological University,411005,Maharashtra,2(f),https://www.coeptech.ac.in,State,1204
Cooch Behar Panchanan Barma University,736101,West Bengal,2(f),http://cbpbu.ac.in,State,778
Cotton University,781001,Assam,2(f) & 12(B),https://cottonuniversity.ac.in,State,709
Dada Lakhmi Chand State University of Performing and Visual Arts (SUPVA),124001,Haryana,2(f),https://dlcsupva.ac.in,State,771
Damodaram Sanjivayya National Law University,531035,Andhra Pradesh,2(f) & 12(B),http://dsnlu.ac.in,State,555
Davangere University,577007,Karnataka,2(f) & 12(B),http://www.davangereuniversity.ac.in,State,228
Deen Bandhu Chhotu Ram University of Sciences & Technology,131039,Haryana,2(f) & 12(B),http://www.dcrusm.ac.in,State,229
Deen Dayal Upadhyay Gorakhpur University,273009,Uttar Pradesh,2(f) & 12(B),http://www.ddugu.edu.in,State,230
Delhi Pharmaceutical Sciences & Research University,110017,Delhi,2(f),https://dpsru.edu.in,State,813
Delhi Skill and Entrepreneurship University,110007,Delhi,2(f),https://dseu.ac.in,State,1088
Delhi Technological University,110042,Delhi,2(f) & 12(B),http://www.dtu.ac.in,State,485
Devi Ahilya Vishwavidyalaya,452 001,Madhya Pradesh,2(f) & 12(B),http://www.dauniv.ac.in,State,231
Dhanamanjuri University,795001,Manipur,2(f),https://www.dmu.ac.in,State,986
Dharmashastra National Law University,482001,Madhya Pradesh,2(f),https://www.mpdnlu.ac.in,State,973
Dharmsinh Desai University,387001,Gujarat,2(f) & 12(B),https://www.ddu.ac.in,State,232
Diamond Harbour Women's University,743368,West Bengal,2(f) & 12(B),http://www.dhwu.ac.in,State,797
Dibrugarh University,786004,Assam,2(f) & 12(B),http://www.dibru.ac.in,State,233
Doon University,248001,Uttarakhand,2(f) & 12(B),http://www.gov.ua.nic.in/doonuniversity,State,234
Dr Y. S. R. Architecture & Fine Arts University,516162,Andhra Pradesh,2(f),https://www.ysrafu.ac.in,State,1103
Dr. A.P.J. Abdul Kalam Technical University,226031,Uttar Pradesh,2(f) & 12(B),https://aktu.ac.in,State,415
Dr. Abdul Haq Urdu University,518002,Andhra Pradesh,2(f),https://ahuuk.ac.in,State,1008
Dr. B. R. Ambedkar University,532410,Andhra Pradesh,2(f) & 12(B),http://www.brau.edu.in,State,235
Dr. B. R. Ambedkar University of Social Sciences,453441,Madhya Pradesh,2(f) & 12(B),https://brauss.in,State,829
Dr. B.R. Ambedkar National Law University,131029,Haryana,2(f),http://dbranlu.ac.in,State,1016
Dr. B.R. Ambedkar University,282 004,Uttar Pradesh,2(f) & 12(B),https://dbrau.ac.in,State,237
Dr. B.R. Ambedkar University,110006,Delhi,2(f) & 12(B),http://www.aud.ac.in,State,486
Dr. B.R.Ambedkar Open University,500033,Telangana,2(f) & 12(B),https://www.braou.ac.in,State,236
Dr. Babasaheb Ambedkar Marathwada University,431004,Maharashtra,2(f) & 12(B),http://www.bamu.net,State,238
Dr. Babasaheb Ambedkar Open University,382481,Gujarat,2(f) & 12(B),http://www.baou.edu.in,State,239
Dr. Babasaheb AmbedkarTechnological University,402103,Maharashtra,2(f) & 12(B),http://www.dbatu.ac.in,State,240
Dr. Bhimrao Ambedkar Law University,302015,Rajasthan,2(f),https://www.alujaipur.ac.in,State,1056
Dr. Homi Bhabha State University,400032,Maharashtra,2(f),https://www.hbsu.ac.in,State,1040
Dr. N.T.R. University of Health Sciences,520008,Andhra Pradesh,2(f),https://drntruhs.in,State,191
Dr. Punjabrao Deshmukh Krishi Vidyapeeth,444104,Maharashtra,2(f) & 12(B),http://www.pdkv.mah.nic.in,State,241
Dr. Rajendra Prasad National Law University,211013,Uttar Pradesh,2(f),https://www.rpnlup.ac.in,State,1322
Dr. Ram Manohar Lohia Awadh University,224001,Uttar Pradesh,2(f) & 12(B),http://www.rmlau.ac.in,State,242
Dr. Ram Manohar Lohia Institute of Medical Sciences,226010,Uttar Pradesh,2(f),https://www.drrmlims.ac.in,State,1021
Dr. Shakuntala Misra National Rehabilitation University,226017,Uttar Pradesh,2(f) & 12(B),https://dsmru.up.nic.in,State,244
Dr. Y.S.Parmar University of Horticulture & Forestry ,173230,Himachal Pradesh,2(f) & 12(B),http://www.yspuniversity.ac.in,State,245
Dr. Y.S.R. Horticultural University,534101,Andhra Pradesh,2(f),https://drysrhu.ap.gov.in,State,652
Dravidian University,517426,Andhra Pradesh,2(f) & 12(B),http://www.dravidianuniversity.ac.in,State,246
Fakir Mohan University,756020,Odisha,2(f) & 12(B),https://fmuniversity.nic.in,State,247
G.B.Pant University of Agriculture & Technology,263145,Uttarakhand,2(f) & 12(B),http://www.gbpuat.ac.in,State,248
Gangadhar Meher University,768004,Odisha,2(f) & 12(B),http://www.gmuniversity.ac.in,State,854
Gauhati University,781014,Assam,2(f) & 12(B),http://www.gauhati.ac.in,State,249
Gautam Buddha University,201 308,Uttar Pradesh,2(f) & 12(B),https://www.gbu.ac.in,State,251
Goa University,403206,Goa,2(f) & 12(B),http://www.unigoa.ac.in,State,252
Gondwana University,422 605,Maharashtra,2(f) & 12(B),"https://www.gondwana.digitaluniversity.org, www.gondwanauniversity.org",State,657
Govind Guru Tribal University,327001,Rajasthan,2(f),https://www.ggtu.ac.in,State,848
Gujarat Ayurveda University,361008,Gujarat,2(f) & 12(B),http://www.ayurveduniversity.edu.in,State,254
Gujarat Biotechnology University,382011,Gujarat,2(f),https://gbu.gujarat.gov.in/Announcements.php,State,1042
Gujarat National Law University,382426,Gujarat,2(f) & 12(B),http://www.gnlu.ac.in,State,255
Gujarat Technological University,382424,Gujarat,2(f) & 12(B),http://www.gtu.ac.in,State,256
Gujarat University,380 009,Gujarat,2(f) & 12(B),https://www.gujaratuniversity.ac.in,State,257
Gujarat University of Transplantation Sciences,380016,Gujarat,2(f),http://www.guts.education,State,817
Gulbarga University,585106,Karnataka,2(f) & 12(B),https://gug.ac.in,State,258
Guru Angad Dev Veterinary & Animal Sciences University,141004,Punjab,2(f) & 12(B),http://www.gadvasu.in,State,259
Guru Gobind Singh Indraprastha Vishwavidyalaya,110078,Delhi,2(f) & 12(B),http://www.ipu.ac.in,State,484
Guru Jambeshwar University of Science and Technology,125001,Haryana,2(f),https://www.gjust.ac.in,State,260
Guru Jambheshwar University,244001,Uttar Pradesh,2(f),https://nan,State,1345
Guru Nanak Dev University,143005,Punjab,2(f) & 12(B),https://www.gndu.ac.in,State,261
Guru Ravidas Ayurved University,146001,Punjab,2(f),https://graupunjab.org,State,658
Gurugram University,122018,Haryana,2(f),http://gurugramuniversity.ac.in,State,1007
Harcourt Butler Technical University,208002,Uttar Pradesh,2(f) & 12(B),https://hbtu.ac.in,State,876
Harichand Guruchand University,743245,West Bengal,2(f),https://harichandguruchanduniversity.com,State,1107
Haridev Joshi University of Journalism and Mass Communication,302015,Rajasthan,2(f),https://hju.ac.in,State,1065
Hemchand Yadav Vishwavidyalaya(Earlier known as Durg Vishwavidyalaya),491001,Chhattisgarh,2(f),http://www.durguniversity.ac.in,State,949
Hemchandracharya North Gujarat University,384265,Gujarat,2(f) & 12(B),http://www.ngu.ac.in,State,262
Hidayatullah National Law University,492002,Chhattisgarh,2(f) & 12(B),http://www.hnlu.ac.in,State,263
Himachal Pradesh National Law University,171014,Himachal Pradesh,2(f) & 12(B),https://www.hpnlu.ac.in,State,948
Himachal Pradesh Technical University,177001,Himachal Pradesh,2(f),https://www.himtu.ac.in,State,561
Himachal Pradesh University,171005,Himachal Pradesh,2(f) & 12(B),https://hpuniv.ac.in,State,265
Hindi University,711106,West Bengal,2(f),https://www.hindiuniv.ac.in,State,1095
Hyderabad (SIND) National Collegiate University,400018,Maharashtra,2(f),https://www.hsncu.edu.in,State,1119
I.K. Gujaral Punjab Technical University,144603,Punjab,2(f),https://ptu.ac.in,State,354
Indian Institute of Teacher Education,382016,Gujarat,2(f),https://www.iite.ac.in,State,699
Indira Gandhi Delhi Technical University for Women,110006,Delhi,2(f),http://www.igdtuw.ac.in,State,967
Indira Gandhi Krishi Vishwavidyalaya,492012,Chhattisgarh,2(f) & 12(B),https://igkv.ac.in,State,266
Indira Gandhi University,122502,Haryana,2(f) & 12(B),https://www.igu.ac.in,State,727
Indira Kala Sangeet Vishwavidyalaya,491881,Chhattisgarh,2(f) & 12(B),http://www.iksv.ac.in,State,267
Indraprastha Institute of Information Technology,110020,Delhi,2(f) & 12(B),http://www.iiitd.ac.in,State,483
Institute of Infrastructure Technology Research and Management,380026,Gujarat,2(f),http://iitram.ac.in,State,818
International Institute of Information Technology,493661,Chhattisgarh,2(f),https://www.iiitnr.ac.in,State,929
International Institute of Information Technology (IIIT),751029,Odisha,2(f),https://www.iiit-bh.ac.in,State,864
Islamic University of Sciences & Technology University,192 122,Jammu and Kashmir,2(f) & 12(B),http://www.islamicuniversity.edu.in,State,268
"J. C. Bose University of Science & Technology, YMCA",121006,Haryana,2(f) & 12(B),https://www.jcboseust.ac.in,State,560
Jadavpur University,700032,West Bengal,2(f) & 12(B),https://www.jadavpuruniversity.in,State,269
Jagadguru Ramanandacharya Sanskrit University,302026,Rajasthan,2(f) & 12(B),http://www.jrrsanskrituniversity.ac.in,State,270
Jagadguru Rambhadracharya Divyang State University,210204,Uttar Pradesh,2(f),http://www.jrdu.ac.in,State,469
Jagat Guru Nanak Dev Punjab State Open University,147001,Punjab,2(f),https://psou.ac.in,State,1074
Jai Narain Vyas University,342011,Rajasthan,2(f) & 12(B),http://www.jnvu.co.in,State,271
Jai Prakash University,841302,Bihar,2(f) & 12(B),https://jpv.ac.in,State,272
Jammu University ,180006,Jammu and Kashmir,2(f) & 12(B),http://www.jammuuniversity.ac.in,State,273
Jananayak Chandrashekhar University,277001,Uttar Pradesh,2(f),https://jncu.ac.in,State,908
Jawaharlal Nehru Architecture and Fine Arts University,500028,Telangana,2(f) & 12(B),http://jnafau.ac.in,State,556
Jawaharlal Nehru Krishi Vishwavidyalaya,482004,Madhya Pradesh,2(f) & 12(B),http://www.jnkvv.nic.in,State,274
Jawaharlal Nehru Technological University,,Telangana,2(f) & 12(B),http://www.jntuh.ac.in,State,275
Jawaharlal Nehru Technological University,535003,Andhra Pradesh,2(f),https://jntukucev.ac.in,State,1154
Jawaharlal Nehru Technological University (Anantapur),515002,Andhra Pradesh,2(f) & 12(B),http://www.jntua.ac.in,State,277
Jawaharlal Nehru Technological University (Kainada),533003,Andhra Pradesh,2(f) & 12(B),http://www.jntuk.edu.in,State,276
Jharkhand State Open University,834006,Jharkhand,2(f),https://jharkhanduniversities.nic.in/jsou/home,State,1228
Jiwaji University,,Madhya Pradesh,2(f) & 12(B),http://www.jiwaji.edu,State,278
Junagarh Agricultural University,362 001,Gujarat,2(f),http://www.jau.in,State,739
Kakatiya University,,Telangana,2(f) & 12(B),http://www.kakatiya.ac.in,State,279
Kalahandi University,766001,Odisha,2(f),https://kalahandiuniversity.ac.in,State,1120
Kaloji Narayana Rao University of Health Sciences,506007,Telangana,2(f),https://knruhs.telangana.gov.in,State,937
Kalyani University,,West Bengal,2(f) & 12(B),http://www.klyuniv.ac.in,State,280
Kamdhenu University,382410,Gujarat,2(f),https://www.kamdhenuuni.edu.in,State,927
Kameshwar Singh Darbhanga Sanskrit Vishwavidyalaya,846008,Bihar,2(f) & 12(B),http://www.ksdsu.edu.in,State,281
Kannada University,583276,Karnataka,2(f) & 12(B),http://www.kannadauniversity.org,State,284
Kannur University,670 567,Kerala,2(f) & 12(B),http://www.kannuruiversity.ac.in,State,285
Kanyashree University,,West Bengal,2(f),https://www.kanyashreeuniversity.in,State,1087
Karmaveer Bhaurao Patil University,415001,Maharashtra,2(f),https://www.unikbp.ac.in,State,1247
Karnatak  University,580003,Karnataka,2(f) & 12(B),http://www.kud.ac.in,State,287
Karnataka  State Law University,,Karnataka,2(f) & 12(B),https://kslu.karnataka.gov.in,State,282
Karnataka  State Open University,,Karnataka,2(f) & 12(B),https://ksoumysuru.ac.in,State,283
Karnataka Folklore University,581205,Karnataka,2(f),http://www.janapadauni.in,State,700
Karnataka Samskrit University,580018,Karnataka,2(f) & 12(B),http://www.ksu.ac.in,State,593
"Karnataka State Akkamahadevi Women University (Formerly ""Karnataka State Women's University)",586108,Karnataka,2(f) & 12(B),http://www.kswu.ac.in,State,286
Karnataka State Rural Development and Panchayat Raj University,582101,Karnataka,2(f),https://ksrdpru.ac.in,State,883
"Karnataka Veterinary, Animal & Fisheries Science University ",585226,Karnataka,2(f),https://www.kvafsu.edu.in,State,288
Kashmir University,190006,Jammu and Kashmir,2(f) & 12(B),https://www.uok.edu.in,State,289
Kavayitri Bahinabai Chadhari North Maharashtra University,425001,Maharashtra,2(f) & 12(B),http://www.nmu.ac.in,State,342
Kavi Kulguru Kalidas Sanskrit Vishwavidyalaya,441106,Maharashtra,2(f) & 12(B),"http://www.sanskrituni.digitaluniversity.ac,     www.kksu.org",State,290
Kazi Nazrul University,713 304,West Bengal,2(f) & 12(B),http://www.knu.ac.in,State,726
Keladi Shivappa Nayaka University of Agriculture and Horticultural Sciences,577412,Karnataka,2(f),https://uahs.edu.in/?lang=en,State,1287
Kerala Agricultural Unviersity,680656,Kerala,2(f) & 12(B),http://www.kau.edu,State,292
Kerala University,,Kerala,2(f) & 12(B),http://www.keralauniversity.edu,State,291
Kerala University of Digital Sciences Innovation and Technology,695317,Kerala,2(f),https://duk.ac.in,State,1150
Kerala University of Fisheries & Ocean Studies ,682506,Kerala,2(f) & 12(B),https://www.kufos.ac.in,State,565
Kerala University of Health Sciences,680596,Kerala,2(f),http://www.kuhs.ac.in,State,567
Kerala Veterinary & Animal Sciences University,673576,Kerala,2(f),https://www.kvasu.ac.in,State,566
Khallikote Unitary University,760001,Odisha,2(f),https://kuu.ac.in,State,850
Khangchendzonga State University (Formerly Sikkim State University),737102,Sikkim,2(f),https://www.ksus.ac.in,State,1000
Khwaja Moinuddin Chishti Language University,226013,Uttar Pradesh,2(f) & 12(B),https://kmclu.ac.in,State,573
King Georges Medical University,226003,Uttar Pradesh,2(f) & 12(B),http://www.kgmcindia.edu,State,293
Kodagu University,571232,Karnataka,2(f),https://kuk.karnataka.gov.in/en,State,1232
Kolhan University ,833202,Jharkhand,2(f),https://www.kalhanuniversity.in,State,294
Konkan Krishi Vidyapeeth,415712,Maharashtra,2(f) & 12(B),http://www.dbskkv.org,State,295
Koppal University,583231,Karnataka,2(f),https://universitysolutions.in/kop/index.php,State,1227
Krantiguru Shyamji Krishna Verma Kachchh University,370001,Gujarat,2(f) & 12(B),http://kskvku.digitaluniversity.ac,State,296
Krantisurya Tantya Bhil Vishwavidyalaya,451001,Madhya Pradesh,2(f),http://ktbuniv.ac.in,State,1341
Krishna Kanta Handiqui State Open University,781022,Assam,2(f),http://www.kkhsou.in,State,297
Krishna University ,521001,Andhra Pradesh,2(f),http://www.kru.ac.in,State,298
KSGH Music and Performing Arts University,570004,Karnataka,2(f),http://www.musicuniversity.ac.in,State,609
Kumar Bhaskar Varma Sanskrit & Ancient Studies University,781337,Assam,2(f) & 12(B),http://www.kbvsasun.ac.in,State,697
Kumaun University,263001,Uttarakhand,2(f) & 12(B),http://www.kunainital.ac.in,State,299
Kurukshetra University,136119,Haryana,2(f) & 12(B),http://www.kuk.ac.in,State,300
Kushabhau Thakre Patrakarita Avam Jansanchar Vishwavidyalaya,492013,Chhattisgarh,2(f),http://www.ktujm.ac.in,State,301
Kuvempu University,577451,Karnataka,2(f) & 12(B),http://www.kuvempu.ac.in/eng/index.php,State,302
Lala Lajpat Rai University of Veterinary & Animal Sciences ,125004,Haryana,2(f) & 12(B),https://www.luvas.edu.in,State,559
Lalit Narayan Mithila University,846008,Bihar,2(f) & 12(B),https://lnmu.ac.in,State,303
Laxminarayan Innovation Technological (LIT) University,440033,Maharashtra,2(f),https://litu.edu.in,State,1291
M.B.M. University,342011,Rajasthan,2(f),https://www.mbm.ac.in,State,1239
M.P.Bhoj (open) University,462016,Madhya Pradesh,2(f) & 12(B),http://www.bhojvirtualuniversity.com,State,307
Madan Mohan Malaviya University of Technology,273010,Uttar Pradesh,2(f) & 12(B),http://www.mmmut.ac.in,State,747
Madhabdev University,784164,Assam,2(f),https://madhabdevuniversity.ac.in,State,1031
Madhusudan Law University,750003,Odisha,2(f),https://mlu.ac.in,State,1129
Madhya Pradesh Medical Science University,482003,Madhya Pradesh,2(f),https://mpmsu.edu.in,State,1238
Madras University,,Tamil Nadu,2(f) & 12(B),http://www.unom.ac.in,State,308
Madurai Kamraj University,,Tamil Nadu,2(f) & 12(B),https://mkuniversity.ac.in,State,309
Magadh University,824234,Bihar,2(f) & 12(B),http://www.magadhuniversity.ac.in,State,310
Maharahtra University of Health Sciences,422004,Maharashtra,2(f),http://www.muhsnashik.com,State,312
Maharaja Bir Bikram University,,Tripura,2(f) & 12(B),https://mbbuniversity.ac.in,State,832
Maharaja Chhatrasal Bundelkhand Vishwavidyalaya,471001,Madhya Pradesh,2(f),http://www.mchhatrasaluniversity.com/mch,State,812
Maharaja Ganga Singh University,334004,Rajasthan,2(f),https://mgsubikaner.ac.in,State,569
Maharaja Krishnakumarsinji Bhavnagar University,364 001,Gujarat,2(f),https://www.mkbhavuni.edu.in/mkbhavuniweb/index.php,State,210
Maharaja Ranjit Singh Punjab Technical University,151001,Punjab,2(f) & 12(B),https://mrsptu.ac.in,State,811
Maharaja Sayajirao University of Baroda,390002,Gujarat,2(f) & 12(B),https://www.msubaroda.ac.in,State,313
Maharaja Sriram Chandra Bhanja Deo University(Earlier North Orissa University),757003,Odisha,2(f) & 12(B),http://www.nou.nic.in,State,710
Maharaja Suhel Dev State University ,276001,Uttar Pradesh,2(f),https://msdsu.ac.in,State,1253
Maharaja Surajmal Brij University,321201,Rajasthan,2(f),https://msbrijuniversity.ac.in,State,820
Maharana Partap Horticultural University,132001,Haryana,2(f),https://www.mhu.ac.in,State,940
Maharana Pratap University of Agriculture & Technology,313001,Rajasthan,2(f),http://www.mpuat.ac.in,State,314
Maharani Cluster University,560001,Karnataka,2(f),https://mcu.karnataka.gov.in/english,State,1070
Maharashtra Animal & Fishery Sciences University ,440001,Maharashtra,2(f),http://www.mafsu.in,State,315
"Maharashtra National Law University, Aurangabad",431005,Maharashtra,2(f),https://www.mnlua.ac.in,State,1193
"Maharashtra National Law University, Mumbai",400076,Maharashtra,2(f),https://mnlumumbai.edu.in,State,824
"Maharashtra National Law University, Nagpur",440001,Maharashtra,2(f) & 12(B),https://www.nlunagpur.ac.in,State,885
Maharashtra State Skills University,400001,Maharashtra,2(f),https://mssu.ac.in,State,1184
Maharishi Balmiki Sanskrit University,136027,Haryana,2(f),https://www.mvsu.ac.in,State,1006
Maharshi Dayanand Saraswati University,305001,Rajasthan,2(f) & 12(B),http://mdsuajmer.ac.in,State,316
Maharshi Dayanand University,124001,Haryana,2(f) & 12(B),https://www.mdurohtak.ac.in,State,317
Maharshi Panini Sanskrit Evam Vedic Vishwavidyalaya,456010,Madhya Pradesh,2(f),http://http://mpsvvujjain.org,State,311
Mahatam Gandhi Kashi Vidyapeeth,,Uttar Pradesh,2(f) & 12(B),http://www.mgkvp.ac.in,State,319
Mahatma Gandhi Chitrakoot Gramodaya Vishwavidyalaya,485334,Madhya Pradesh,2(f) & 12(B),https://gramodayachitrakoot.ac.in,State,305
Mahatma Gandhi Udyanikee and Vanikee Vishwavidyalaya,491111,Chhattisgarh,2(f),https://mguvv.ac.in,State,1161
Mahatma Gandhi University,721628,West Bengal,2(f),https://www.mguwb.org.in,State,1276
Mahatma Gandhi University ,508 254,Telangana,2(f) & 12(B),http://www.mguniversity.ac.in,State,320
Mahatma Gandhi Unversity ,,Kerala,2(f) & 12(B),http://www.mgu.ac.in,State,321
Mahatma Jyotiba Phule Rohilkhand University,,Uttar Pradesh,2(f) & 12(B),https://www.mjpru.ac.in,State,306
Mahatma Phule Krishi Vidyapeeth,,Maharashtra,2(f) & 12(B),http://www.mpkv.mah.nic.in,State,322
Majuli University of Culture,787054,Assam,2(f),https://www.muoc.ac.in,State,1071
Makhanlal Chaturvedi National University of Journalism & Communication,462 011,Madhya Pradesh,2(f) & 12(B),http://www.mcu.ac.in,State,323
Mandya University,571401,Karnataka,2(f),https://www.mandyauniversity.ac.in,State,1027
Mangalore University,574199,Karnataka,2(f) & 12(B),http://www.mangaloreuniversity.ac.in,State,324
Manipur Technical University,795004,Manipur,2(f),http://www.mtu.ac.in,State,906
Manipur University of Culture,795001,Manipur,2(f),http://www.muc.ac.in,State,923
Manonmaniam Sundarnar University,,Tamil Nadu,2(f) & 12(B),https://www.msuniv.ac.in,State,325
Marathwada Agricultural University,431402,Maharashtra,2(f) & 12(B),https://www.vnmkv.ac.in,State,326
Maulana Abul Kalam Azad University of Technology,700064,West Bengal,2(f) & 12(B),https://makautwb.ac.in,State,488
Maulana Mazharul Haque Arabic & Persian University,800001,Bihar,2(f),http://mmhapu.bih.nic.in,State,327
Mohanlal Sukhadia University,313 001,Rajasthan,2(f) & 12(B),http://www.mlsu.ac.in,State,328
Mother Teresa Women's University,624101,Tamil Nadu,2(f) & 12(B),https://www.motherteresawomenuniv.ac.in,State,329
Mumbai University,400032,Maharashtra,2(f) & 12(B),http://www.mu.ac.in,State,330
Munger University,811201,Bihar,2(f),https://www.mungeruniversity.ac.in,State,965
Mysore University,570006,Karnataka,2(f) & 12(B),https://www.uni-mysore.ac.in,State,331
Nalanda Open University,800001,Bihar,2(f),"http://www.nalandaopenuniversity.com,  www.nou.ac.in",State,332
Nanaji Deshmukh Pashu Chikitsa Vigyan Vishwavidyalaya,482004,Madhya Pradesh,2(f),http://www.ndvsu.org,State,568
National Academy of Legal Studies & Research University,500101,Telangana,2(f) & 12(B),http://nalsar.ac.in,State,334
National Law Institute University,462044,Madhya Pradesh,2(f) & 12(B),http://www.nliu.ac.in,State,335
National law School of India University,560072,Karnataka,2(f) & 12(B),http://www.nls.ac.in,State,336
National Law University,342304,Rajasthan,2(f) & 12(B),http://www.nlujodhpur.ac.in,State,337
National Law University,753015,Odisha,2(f) & 12(B),http://www.nluo.ac.in,State,496
National Law University,110078,Delhi,2(f) & 12(B),http://nludelhi.ac.in,State,482
National Law University and Judicial Academy,781031,Assam,2(f) & 12(B),http://www.nluassam.ac.in,State,653
National Law University Tripura,799 009,Tripura,2(f),https://www.nlutripura.ac.in,State,1203
National University of Advanced Legal Studies (NUALS),683503,Kerala,2(f) & 12(B),http://www.nuals.ac.in,State,338
National University of Study & Research in Law,834006,Jharkhand,2(f),http://nusrlranchi.com,State,562
Navsari Agriculture University,396450,Gujarat,2(f),https://nau.in,State,840
Netaji Shubhash Open University,700064,West Bengal,2(f) & 12(B),https://www.wbnsou.ac.in,State,339
Netaji Subhas University of Technology,110078,Delhi,2(f) & 12(B),https://www.nsut.ac.in,State,988
Nilamber-Pitamber University,,Jharkhand,2(f),http://www.npu.ac.in,State,340
Nizam's Institute of Medical Sciences,500082,Telangana,2(f),http://www.nims.edu.in,State,756
Nrupathunga University,,Karnataka,2(f),http://www.nrupathungauniversityblr.ac.in/index.php,State,1132
Odia University,752014,Odisha,2(f),https://odiauniversity.ac.in,State,1303
Odisha State Open University,768004,Odisha,2(f),https://www.osou.ac.in,State,920
Odisha University Of Agriculture & Technology,751003,Odisha,2(f) & 12(B),https://ouat.ac.in,State,344
Odisha University of Health Sciences,751009,Odisha,2(f),https://www.ouhs.ac.in,State,1219
Odisha University of Technology and Research,751003,Odisha,2(f),https://www.cet.edu.in,State,1148
Osmania University,500007,Telangana,2(f) & 12(B),https://www.osmania.ac.in,State,345
P. V. Narsimha Rao Telangana Veterinary University,500030,Telangana,2(f),https://www.tsvu.nic.in,State,939
Palamuru University ,,Telangana,2(f),http://www.palamuruuniversity.ac.in,State,346
Pandit Deendayal Upadhyaya Shekhawati University,332 001,Rajasthan,2(f),https://shekhauni.ac.in,State,735
Pandit S N Shukla University,484001,Madhya Pradesh,2(f) & 12(B),https://ptsnsuniversity.ac.in,State,935
Pandit Sundarlal Sharma (Open) University,495009,Chhattisgarh,2(f),http://www.pssou.ac.in,State,350
Panjab University,160014,Chandigarh,2(f) & 12(B),http://www.puchd.ac.in,State,481
Patliputra University,800020,Bihar,2(f),http://www.ppup.ac.in,State,971
Patna University,800005,Bihar,2(f) & 12(B),http://www.patnauniversity.ac.in,State,495
Periyar University,636011,Tamil Nadu,2(f) & 12(B),http://periyaruniversity.ac.in,State,347
Potti Sreeramulu Telugu University,,Telangana,2(f) & 12(B),http://teluguuniversity.ac.in,State,348
Presidency University,700073,West Bengal,2(f) & 12(B),http://www.presiuniv.ac.in,State,574
Prof. Rajendra Singh (Rajju Bhaiya) University (Formerly Allahabad State University),211009,Uttar Pradesh,2(f),https://prsuniv.ac.in,State,859
Professor Jayashankar Telangana State Agricultural University,500030,Telangana,2(f) & 12(B),http://www.pjtsau.edu.in,State,775
Pt. Bhagwat Dayal Sharma University of Health Sciences,,Haryana,2(f) & 12(B),https://'http://www.uhsr.ac.in,State,349
Pt. Ravishankar Shukla University,492010,Chhattisgarh,2(f) & 12(B),http://www.prsu.ac.in,State,351
Puducherry Technological University,605014,Puducherry,2(f),https://www.ptuniv.edu.in,State,1165
Punjab Agriculture University,141004,Punjab,2(f) & 12(B),https://www.pau.edu,State,353
Punjabi University,147002,Punjab,2(f) & 12(B),http://www.punjabiuniversity.ac.in,State,355
Punyashlok Ahilyadevi Holkar Solapur University,413255,Maharashtra,2(f) & 12(B),http://su.digitaluniversity.ac,State,386
Purnea University,854301,Bihar,2(f),https://www.purneauniversity.ac.in,State,966
Rabindra Bharati University,700050,West Bengal,2(f) & 12(B),http://www.rbu.ac.in,State,356
Rabindranath Tagore University,782435,Assam,2(f),https://www.rtuassam.ac.in,State,1022
Raiganj University,733134,West Bengal,2(f) & 12(B),http://raiganjuniversity.ac.in,State,895
Raj Rishi Bhartrihari Matsya University,301001,Rajasthan,2(f),https://www.rrbmuniv.ac.in,State,795
Raja Mahendra Pratap Singh State University,202140,Uttar Pradesh,2(f),https://rmpssu.ac.in,State,1240
Raja Mansingh Tomar Music & Arts University,474 009,Madhya Pradesh,2(f),http://rmtmusicandartsuniversity.com,State,679
"Raja Shankar Shah University, Chhindwara",480001,Madhya Pradesh,2(f),http://cuc.ac.in,State,1046
Rajasthan Technical University,,Rajasthan,2(f),http://www.rtu.ac.in,State,359
Rajasthan University,302004,Rajasthan,2(f) & 12(B),http://www.uniraj.ernet.in,State,360
Rajasthan University of Health Sciences,302033,Rajasthan,2(f) & 12(B),http://www.ruhsraj.org,State,361
Rajasthan University of Veterinary & Animal Sciences,334001,Rajasthan,2(f) & 12(B),https://rajuvas.org,State,681
Rajendra University,767002,Odisha,2(f),https://rajendrauniversity.ac.in,State,1115
Rajiv Gandhi Prodoyogiki Vishwavidyalaya,462036,Madhya Pradesh,2(f) & 12(B),http://www.rgtu.ac.in,State,363
Rajiv Gandhi University of Health Science,,Karnataka,2(f),http://www.rguhs.ac.in,State,364
Rajiv Gandhi University of Knowledge Technologies,522501,Andhra Pradesh,2(f),https://www.rgukt.in,State,1035
Rajiv Gandhi University of Knowledge Technology,504107,Telangana,2(f) & 12(B),http://www.rgukt.in,State,592
Rama Devi Women's University,751022,Odisha,2(f) & 12(B),https://rdwu.ac.in,State,857
Ranchi University,,Jharkhand,2(f) & 12(B),http://www.ranchiuniversity.ac.in,State,365
Rani Awantibai Lodhi Vishwavidyalaya,470002,Madhya Pradesh,2(f),https://ralvv.mponline.gov.in,State,1338
Rani Channamma University,591156,Karnataka,2(f) & 12(B),https://www.rcub.ac.in,State,563
Rani Durgavati Vishwavidyalaya,,Madhya Pradesh,2(f) & 12(B),http://www.rdunijbpin.org,State,366
Rani Rashmoni Green University(formerly West Bengal Green University.),712409,West Bengal,2(f),http://rrgu.org,State,1083
Rashtrasant Tukadoji Maharaj Nagpur University,440001,Maharashtra,2(f) & 12(B),https://nagpuruniversity.ac.in,State,404
Ravenshaw University,753003,Odisha,2(f) & 12(B),https://ravenshawuniversity.ac.in,State,367
Rayalaseema University,518002,Andhra Pradesh,2(f) & 12(B),https://www.rayalaseemauniversity.ac.in,State,368
Sambalpur University,768019,Odisha,2(f) & 12(B),https://www.suniv.ac.in,State,369
Sampurnanand Sanskrit Vishwavidyalaya,,Uttar Pradesh,2(f) & 12(B),https://www.ssvv.ac.in,State,370
Sanchi University of Buddhist-Indic Studies,462003,Madhya Pradesh,2(f) & 12(B),http://www.sanchiuniv.edu.in,State,806
Sant Gadge Baba Amravati University,,Maharashtra,2(f) & 12(B),http://www.sgbau.ac.in,State,371
Sant Gahira Guru Vishwavidyalaya (formerly Sarguja University),497001,Chhattisgarh,2(f),https://www.sggcg.in,State,374
Sardar Beant Singh State University,143521,Punjab,2(f),http://www.sbssugsp.ac.in,State,1180
Sardar Krushinagar Dantiwada Agricultural University,385506,Gujarat,2(f),http://www.sdau.edu.in,State,947
Sardar Patel University,388120,Gujarat,2(f) & 12(B),http://www.spuvvn.edu,State,372
"Sardar Patel University of Police, Security & Criminal Justice",342304,Rajasthan,2(f),http://www.policeuniversity.ac.in,State,694
Sardar Vallabh Bhai Patel University of Agriculture & Technology,,Uttar Pradesh,2(f),http://www.svbpmeerut.ac.in,State,373
Satavahana University,505002,Telangana,2(f),http://www.satavahana.ac.in,State,375
Saurashtra University,360 005,Gujarat,2(f) & 12(B),http://www.saurashtrauniversity.edu,State,376
Savitribai Phule Pune University,411007,Maharashtra,2(f) & 12(B),http://www.unipune.ac.in,State,352
Shaheed Bhagat Singh State University,152001,Punjab,2(f),https://sbssu.ac.in,State,1142
Shaheed Mahendra Karma Vishvidyalaya,494001,Chhattisgarh,2(f),http://www.bvvjdp.ac.in,State,205
Shaheed Nandkumar Patel Vishwavidyalaya,496001,Chhattisgarh,2(f),https://snpv.ac.in,State,1091
Sher-e-Kashmir University of Agricultural Science & Technology,190025,Jammu and Kashmir,2(f) & 12(B),http://www.skuastkashmir.ac.in,State,377
Shivaji University,416004,Maharashtra,2(f) & 12(B),http://www.unishivaji.ac.in,State,378
Shree Sankaracharaya University of Sanskrit,,Kerala,2(f) & 12(B),http://www.ssus.ac.in,State,379
Shree Somnath Sanskrit University,,Gujarat,2(f) & 12(B),https://sssu.ac.in,State,380
Shri Govind Guru University,389001,Gujarat,2(f),https://sggu.ac.in,State,847
Shri Jagannath Sanskrit Vishwavidyalaya,752003,Odisha,2(f) & 12(B),http://www.sjsv.nic.in,State,381
Shri Mata Vaishno Devi University,182320,Jammu and Kashmir,2(f) & 12(B),http://www.smvdu.net.in,State,382
Sibsagar University,785665,Assam,2(f),https://sibsagaruniversity.ac.in,State,1323
Siddharth University,272202,Uttar Pradesh,2(f),https://www.suksn.edu.in,State,851
Sidho-Kanho-Birsha University,723104,West Bengal,2(f) & 12(B),http://www.skbu.ac.in,State,575
Sido Kanhu Murmu University,814110,Jharkhand,2(f) & 12(B),http://skmu.ac.in,State,384
Smt. Nathibai Damodar Thackersey Women's University,,Maharashtra,2(f) & 12(B),http://www.sndt.ac.in,State,385
Sports University of Haryana,131029,Haryana,2(f),https://suoh.in,State,1290
Sri Dev Suman Uttarakhand Vishwavidyalaya,249 199,Uttarakhand,2(f),http://sdsuv.ac.in,State,712
Sri Konda Laxman Telangana State Horticultural University,502279,Telangana,2(f),http://skltshu.ac.in,State,784
Sri krishnadevaraya University,515003,Andhra Pradesh,2(f) & 12(B),http://skuniversity.ac.in,State,383
Sri Padmavati Mahila Vishwavidyalayam,517502,Andhra Pradesh,2(f) & 12(B),http://www.spmvv.ac.in,State,388
Sri Sri Aniruddhdeva Sports University,786003,Assam,2(f),http://www.sasu.ac.in,State,1064
Sri Venkateswara Institute of Medical Sciences,517507,Andhra Pradesh,2(f) & 12(B),https://svimstpt.ap.nic.in,State,660
Sri Venkateswara University,517502,Andhra Pradesh,2(f) & 12(B),https://svuniversity.edu.in,State,389
Sri Venkateswara Vedic University,517502,Andhra Pradesh,2(f),http://www.svvedicuniversity.ac.in,State,390
Sri Venkateswara Veterinary University,517502,Andhra Pradesh,2(f) & 12(B),https://www.svvu.edu.in,State,391
Srimanta Sankaradeva University of Health Sciences,781032,Assam,2(f),http://ssuhs.in,State,723
Swami Keshwanand Rajasthan Agricultural University,,Rajasthan,2(f),http://www.raubikaner.org,State,357
Swami Ramanand Teerth Marathwada University,431606,Maharashtra,2(f) & 12(B),http://www.srtmun.org,State,392
Swarnim Gujarat Sports University,382016,Gujarat,2(f),https://sgsu.gujarat.gov.in,State,659
T.M. Bhagalpur University,,Bihar,2(f) & 12(B),http://www.tmbu.org,State,393
Tamil Nadu Fisheries University,611002,Tamil Nadu,2(f) & 12(B),http://www.tnfu.org.in/university/wp,State,711
Tamil Nadu Open University,600015,Tamil Nadu,2(f) & 12(B),https://www.tnou.ac.in,State,394
Tamil Nadu Physical Education and Sports University,600127,Tamil Nadu,2(f),https://www.tnpesu.org,State,400
Tamil Nadu Teacher Education University,600097,Tamil Nadu,2(f) & 12(B),http://tnteu.ac.in,State,395
Tamil University,,Tamil Nadu,2(f) & 12(B),https://www.tamiluniversity.ac.in,State,396
Tamilnadu Agricultural University,641003,Tamil Nadu,2(f) & 12(B),http://www.tnau.ac.in,State,397
Tamilnadu Dr. Ambedkar Law University,,Tamil Nadu,2(f) & 12(B),https://www.tndalu.ac.in,State,398
Tamilnadu Dr. M.G.R.Medical University,600032,Tamil Nadu,2(f) & 12(B),https://www.tnmgrmu.ac.in,State,399
Tamilnadu National Law University,620 009,Tamil Nadu,2(f) & 12(B),https://tnnlu.ac.in,State,724
Tamilnadu Veterinary & Animal Sciences University,600051,Tamil Nadu,2(f) & 12(B),http://www.tanuvas.ac.in,State,401
Telangana University,503322,Telangana,2(f) & 12(B),http://www.telanganauniversity.ac.in,State,402
The Bengal Engineering & Science University,,West Bengal,2(f),http://www.becs.ac.in,State,494
The Maharaja Bhupinder Singh Punjab Sports University,147001,Punjab,2(f),https://mbspsu.ac.in/en,State,1024
The National Law University of Meghalaya,793014,Meghalaya,2(f),https://www.nlumeg.ac.in,State,1260
The Rajiv Gandhi National University of Law,147006,Punjab,2(f) & 12(B),http://www.rgnul.ac.in,State,403
The Sanskrit College and University,700073,West Bengal,2(f),https://www.sanskritcollegeanduniversity.org.in,State,852
The Tamil Nadu Dr.J Jayalalithaa Music and Fine Arts University,600028,Tamil Nadu,2(f),https://tnjjmfau.in,State,733
The West Bengal National University of Juridical Science,,West Bengal,2(f) & 12(B),http://www.nujs.edu,State,493
The West Bengal University of Health Sciences,700064,West Bengal,2(f) & 12(B),https://wbuhs.ac.in,State,492
Thiruvalluvar University,632 115,Tamil Nadu,2(f) & 12(B),https://www.tvu.edu.in,State,405
Thunchath Ezhuthachan Malayalam University,676502,Kerala,2(f) & 12(B),http://malayalamuniversity.edu.in/en,State,714
Tumkur University,572103,Karnataka,2(f) & 12(B),http://www.tumkuruniversity.ac.in,State,406
U.P. Pandit Deen Dayal Upadhyaya Pashu Chikitsa Vigyan Vishwavidhyalaya Evam Go-Anusandhan Sansthan,281001,Uttar Pradesh,2(f),http://www.upvetuniv.edu.in,State,764
U.P. Rajarshi Tandon Open University,211013,Uttar Pradesh,2(f) & 12(B),http://www.uprtou.ac.in,State,408
University of Agricultural Sciences Banglore,560 024,Karnataka,2(f) & 12(B),http://www.uasbangalore.edu.in,State,409
University of Agricultural Sciences Dharwad,580005,Karnataka,2(f) & 12(B),http://www.uasd.edu,State,410
University of Gour Banga ,732103,West Bengal,2(f) & 12(B),http://www.ugb.ac.in,State,250
University of Horticultural Sciences,587104,Karnataka,2(f),https://www.uhsbagalkot.edu.in,State,816
University of Kota,324005,Rajasthan,2(f) & 12(B),https://www.uok.ac.in,State,412
University of Ladakh,194101,Ladakh,2(f),https://uol.ac.in,State,1069
University of Lucknow,226007,Uttar Pradesh,2(f) & 12(B),http://www.lkouniv.ac.in,State,304
University of North Bengal,734013,West Bengal,2(f) & 12(B),http://www.nbu.ac.in,State,341
University of Visvesvaraya College of Engineering,560001,Karnataka,2(f),https://uvce.ac.in,State,1208
Utkal University,751 004,Odisha,2(f) & 12(B),http://www.utkaluniversity.ac.in,State,413
Utkal University of Culture,752054,Odisha,2(f),http://www.uuc.ac.in,State,414
Uttar Banga Krishi Vishwavidyalaya,736165,West Bengal,2(f),https://www.ubkv.ac.in,State,491
Uttar Pradesh University of Medical Sciences,206130,Uttar Pradesh,2(f),https://www.upums.ac.in,State,900
Uttarakhand Ayurved University,248001,Uttarakhand,2(f),http://www.uau.ac.in,State,725
Uttarakhand Open University,263139,Uttarakhand,2(f),http://www.uou.ac.in,State,576
Uttarakhand Sanskrit University,249 402,Uttarakhand,2(f),https://www.usvv.ac.in,State,416
Uttarakhand Technical University,248007,Uttarakhand,2(f),http://www.uktech.ac.in,State,417
Vardhman Mahaveer Open University,324021,Rajasthan,2(f) & 12(B),http://www.vmou.ac.in,State,418
Veer Bahadur Singh Purvanchal University,,Uttar Pradesh,2(f) & 12(B),http://www.vbspu.ac.in/index,State,419
Veer Chandra Singh Garhwali Uttarakhand University of Horticulture & Forestry ,246123,Uttarakhand,2(f),https://www.uuhf.ac.in,State,741
Veer Kunwar Singh University,802301,Bihar,2(f) & 12(B),https://vksu.ac.in,State,420
Veer Narmad South Gujarat University,395007,Gujarat,2(f) & 12(B),http://www.vnsgu.ac.in,State,387
Veer Surendra Sai Institute of Medical Science and Research,768017,Odisha,2(f) & 12(B),http://www.vimsar.ac.in,State,944
Veer Surendra Sai University of Technology,768018,Odisha,2(f) & 12(B),http://www.vssut.ac.in,State,421
Veeranari Chakali Ilamma Women's University,500095,Telangana,2(f),https://www.oucwkoti.ac.in,State,1344
Vesveswaraiah Technological University,590018,Karnataka,2(f) & 12(B),http://www.vtu.ac.in,State,422
Vidya Sagar University,,West Bengal,2(f) & 12(B),http://www.vidyasagar.ac.in,State,490
Vijayanagara Sri Krishnadevaraya University,583105,Karnataka,2(f) & 12(B),http://www.vskub.ac.in,State,564
Vikram University,456 010,Madhya Pradesh,2(f) & 12(B),http://vikramuniv.ac.in,State,424
Vikrama Simhapuri University,524324,Andhra Pradesh,2(f) & 12(B),https://vsu.ac.in,State,423
Vinoba Bhave University,,Jharkhand,2(f) & 12(B),http://www.vbu.co.in,State,425
Vishvakarma Skills University,302015,Rajasthan,2(f),https://vsuraj.ac.in,State,931
West Bengal State University,700126,West Bengal,2(f) & 12(B),http://www.wbsubregistration.org,State,487
West Bengal University of Animal and Fishery Sciences,700037,West Bengal,2(f) & 12(B),http://wbuafscl.ac.in,State,489
"West Bengal University of Teachers, Training, Education Planning and Administration",700019,West Bengal,2(f),https://www.wbuttepa.ac.in,State,805
Yashwant Rao Chavan Maharashtra Open University,422222,Maharashtra,2(f) & 12(B),https://www.ycmou.ac.in,State,426
Yogi Vemana University ,516005,Andhra Pradesh,2(f) & 12(B),https://yvu.edu.in,State,427
Young India Skills University,600032,Telangana,2(f),https://yisu.in,State,1326
